sqft,bedrooms,age_years,neighborhood,garage,lot_size,SalePrice
1701.0,4,6,east,True,4728.0,270200.0
1452.0,3,34,east,True,5761.0,203400.0
1825.0,4,95,center,True,5758.0,319400.0
2570.0,4,45,south,False,10181.0,279100.0
1163.0,1,41,center,False,5980.0,240600.0
2318.0,3,0,center,True,,454900.0
1929.0,2,66,center,True,3704.0,338700.0
2024.0,5,18,east,True,4056.0,323000.0
1782.0,3,68,center,True,4632.0,312100.0
1370.0,1,82,east,True,6723.0,136600.0
2067.0,4,77,south,True,3152.0,224900.0
2111.0,3,51,center,True,4668.0,403300.0
1320.0,2,65,center,True,2278.0,228200.0
997.0,3,39,north,False,,153700.0
1851.0,2,70,south,True,6213.0,191900.0
2253.0,4,68,south,True,6621.0,230500.0
2403.0,4,18,center,False,,453500.0
2522.0,4,32,south,False,8323.0,340900.0
2023.0,2,77,west,True,9006.0,277900.0
1642.0,3,43,center,True,6134.0,321500.0
1799.0,2,23,center,False,5042.0,364100.0
1054.0,2,99,center,False,7104.0,121400.0
1390.0,2,86,east,True,7470.0,78300.0
1768.0,3,77,west,False,7741.0,212400.0
1640.0,2,42,west,True,7328.0,175000.0
1855.0,4,55,south,True,7928.0,217100.0
975.0,2,94,east,False,,106300.0
1109.0,1,52,east,True,7824.0,106000.0
2265.0,3,82,center,True,5092.0,394100.0
1300.0,1,84,east,False,,97900.0
1394.0,3,80,east,True,5074.0,150800.0
1857.0,4,60,east,False,,235800.0
1241.0,3,34,north,False,6482.0,167100.0
2464.0,4,33,south,False,7676.0,330600.0
1046.0,2,81,center,False,,224600.0
1801.0,4,41,north,False,10017.0,314100.0
1351.0,2,24,west,True,,190700.0
1894.0,3,18,center,False,2025.0,381100.0
1502.0,2,61,west,True,6556.0,173700.0
1786.0,3,95,west,False,4910.0,193500.0
2533.0,5,37,west,True,3829.0,399300.0
1388.0,2,65,north,False,5405.0,212100.0
1383.0,2,30,north,True,4433.0,185000.0
1610.0,3,39,center,True,4630.0,319000.0
2684.0,5,40,east,False,9045.0,403200.0
1746.0,2,35,east,True,6249.0,222100.0
2541.0,3,84,north,True,,361800.0
1694.0,2,90,west,False,,209500.0
2514.0,4,26,north,True,5409.0,432100.0
2044.0,4,36,north,True,3540.0,339200.0
2133.0,3,1,south,True,3347.0,292500.0
939.0,2,75,center,False,5840.0,149900.0
850.0,3,70,center,True,2715.0,124200.0
2442.0,4,83,north,True,3655.0,328600.0
2435.0,5,55,north,False,5237.0,343900.0
3253.0,5,90,center,False,8264.0,626600.0
908.0,1,14,west,False,8584.0,132700.0
2091.0,4,37,west,True,7319.0,315400.0
1186.0,2,44,east,False,5992.0,123100.0
1356.0,2,76,south,False,4859.0,124700.0
1499.0,4,21,west,False,6777.0,230000.0
2029.0,4,32,north,False,,361200.0
1402.0,3,9,north,False,6283.0,260400.0
1820.0,2,94,center,False,5076.0,284900.0
2299.0,5,45,south,False,5685.0,294700.0
2477.0,4,1,north,False,5467.0,409200.0
2216.0,5,23,east,True,7098.0,257100.0
2071.0,3,57,north,False,4473.0,354300.0
1715.0,3,49,east,True,6812.0,210800.0
1459.0,3,50,west,True,7136.0,219800.0
2123.0,5,6,south,True,6688.0,274300.0
1169.0,2,87,north,True,3828.0,113100.0
1871.0,3,82,center,True,5701.0,314600.0
1155.0,2,21,east,True,4946.0,164100.0
1775.0,2,36,north,False,5852.0,278500.0
1168.0,1,8,east,False,4667.0,177500.0
1560.0,2,12,center,True,8487.0,303900.0
1394.0,3,84,north,True,6374.0,178800.0
1322.0,4,11,west,True,2764.0,188400.0
1748.0,2,35,south,False,3341.0,241600.0
400.0,1,99,west,True,8410.0,30000.0
719.0,2,32,north,True,5640.0,82500.0
2282.0,3,68,center,True,,412100.0
1888.0,3,10,center,True,8257.0,449000.0
1366.0,3,87,east,False,,159200.0
2384.0,5,92,south,False,3610.0,234000.0
1416.0,3,91,north,True,,196400.0
1452.0,1,63,west,True,,185300.0
1330.0,1,97,west,False,10059.0,133700.0
2944.0,6,69,west,False,7679.0,433800.0
1941.0,3,37,east,False,5236.0,263400.0
1917.0,3,89,west,False,5547.0,235600.0
2080.0,3,27,west,False,6097.0,266600.0
688.0,2,84,south,True,1960.0,66600.0
1444.0,4,93,west,True,,151000.0
2073.0,3,45,north,False,,290100.0
1798.0,2,23,center,True,9546.0,343100.0
3123.0,5,15,east,True,,446400.0
1479.0,4,53,west,False,9860.0,179400.0
2366.0,5,67,west,True,9361.0,345700.0
2284.0,4,59,north,True,8789.0,374000.0
1886.0,3,65,west,True,,196900.0
1995.0,4,2,west,True,6690.0,304800.0
1626.0,4,4,north,True,2660.0,274000.0
616.0,1,26,south,True,6261.0,58400.0
2010.0,3,89,west,True,7132.0,288000.0
2057.0,4,50,south,False,5433.0,221900.0
2151.0,4,33,north,True,2917.0,387600.0
1838.0,3,66,center,False,9166.0,330700.0
2382.0,4,42,east,False,6812.0,365100.0
1280.0,2,14,south,True,,154200.0
2681.0,4,51,east,True,7484.0,350500.0
1207.0,2,69,south,False,,108100.0
1735.0,3,91,north,True,8326.0,260800.0
2209.0,3,36,east,True,4641.0,304900.0
1491.0,2,17,center,True,4982.0,303600.0
2249.0,3,86,center,False,,417500.0
1594.0,2,36,west,False,4067.0,198300.0
1871.0,4,15,north,False,9530.0,325100.0
1691.0,2,50,south,True,6085.0,169900.0
1454.0,3,5,south,True,6919.0,233200.0
3151.0,5,99,north,True,3338.0,476200.0
1296.0,2,77,north,False,7637.0,179600.0
428.0,2,43,west,False,5181.0,30000.0
1318.0,2,54,east,True,8522.0,172300.0
1879.0,3,39,center,True,4629.0,359900.0
1574.0,2,46,north,True,8664.0,197000.0
2411.0,4,93,north,False,7882.0,345800.0
2389.0,5,72,west,False,,287800.0
1609.0,4,66,south,True,8836.0,187600.0
791.0,1,97,south,True,8298.0,64100.0
1030.0,2,16,west,False,6979.0,106900.0
1781.0,3,90,center,True,4013.0,302900.0
861.0,2,17,east,False,7600.0,115000.0
1579.0,2,25,west,False,6132.0,177100.0
2653.0,6,64,south,False,6099.0,340000.0
2006.0,3,13,center,True,6148.0,426500.0
1827.0,3,46,east,False,5940.0,289200.0
1176.0,2,33,north,True,4269.0,190000.0
1909.0,4,0,east,True,2969.0,270100.0
1645.0,2,18,south,True,2557.0,218200.0
1943.0,3,44,north,True,6599.0,332500.0
2236.0,6,8,north,False,1152.0,380900.0
2339.0,5,93,south,False,,270100.0
1877.0,3,42,north,True,7012.0,232200.0
2107.0,3,74,north,True,5395.0,340300.0
1493.0,1,20,east,False,,221800.0
2480.0,4,55,north,True,5480.0,321600.0
1268.0,2,11,west,True,6837.0,201000.0
1676.0,3,19,center,True,2084.0,289500.0
2542.0,4,68,north,False,1516.0,369800.0
1511.0,3,33,north,True,5529.0,254900.0
996.0,1,98,south,False,6846.0,50200.0
1554.0,3,99,north,False,7901.0,223600.0
2635.0,4,13,south,True,5645.0,347200.0
438.0,1,65,center,True,6493.0,40800.0
1861.0,4,78,center,True,7572.0,361900.0
1420.0,3,27,center,True,5744.0,272500.0
1699.0,2,84,center,True,7175.0,286200.0
1591.0,3,73,center,False,,281400.0
2376.0,3,32,east,True,2687.0,326300.0
1832.0,3,9,north,True,4932.0,339100.0
2406.0,5,44,west,True,7550.0,334000.0
2570.0,5,37,west,True,4578.0,360100.0
1818.0,3,52,center,False,,315000.0
1584.0,3,22,west,True,,181500.0
2026.0,4,31,east,True,4835.0,321000.0
2142.0,3,89,west,False,6484.0,242600.0
1108.0,3,84,west,True,,108000.0
1942.0,2,73,north,True,5004.0,311000.0
1648.0,2,35,west,False,1000.0,225700.0
1548.0,3,49,south,False,7678.0,186000.0
1385.0,3,29,north,False,5763.0,184800.0
1425.0,2,40,south,True,4109.0,194600.0
2553.0,3,51,center,True,9665.0,488100.0
1582.0,1,85,west,True,4422.0,148800.0
2486.0,4,79,north,True,,341500.0
1879.0,3,19,south,False,4076.0,281600.0
1120.0,1,94,west,True,8208.0,83100.0
1914.0,2,7,east,True,8868.0,252200.0
1087.0,2,4,west,True,8668.0,159000.0
2164.0,5,85,west,True,8649.0,282700.0
1675.0,3,28,north,True,4805.0,272800.0
2313.0,5,85,center,True,9345.0,436500.0
2660.0,4,6,east,False,5609.0,400100.0
759.0,2,24,center,True,2915.0,160700.0
1523.0,4,82,south,True,5147.0,141800.0
1074.0,2,19,west,False,6652.0,207700.0
3095.0,5,51,north,True,4710.0,482700.0
1536.0,2,72,north,True,6294.0,239600.0
1011.0,2,34,center,True,7073.0,172600.0
3144.0,6,14,center,False,6821.0,619800.0
1364.0,3,83,center,True,7310.0,183100.0
827.0,1,62,south,True,5640.0,68400.0
1105.0,1,91,center,True,4545.0,185000.0
1886.0,3,70,north,True,3060.0,241400.0
1827.0,3,74,east,False,5824.0,194200.0
1298.0,2,62,east,True,,155000.0
1509.0,3,67,west,True,5763.0,187700.0
1832.0,4,42,west,False,1859.0,246600.0
2594.0,4,92,south,False,2963.0,245200.0
2000.0,2,81,north,True,7020.0,282900.0
1462.0,2,24,south,False,2729.0,193500.0
1663.0,2,92,south,True,5620.0,160700.0
2262.0,5,23,west,True,4338.0,346600.0
2808.0,4,70,north,True,4211.0,400900.0
1137.0,1,92,east,True,,101300.0
2468.0,4,41,west,True,6057.0,363400.0
1612.0,3,18,west,False,7093.0,209600.0
825.0,1,99,west,True,3796.0,42000.0
707.0,1,79,south,False,4231.0,41100.0
2601.0,4,44,east,True,8246.0,353500.0
2672.0,5,99,north,True,5551.0,337700.0
1459.0,3,11,east,False,6732.0,198100.0
1673.0,2,52,center,True,5006.0,289500.0
731.0,2,18,center,True,6910.0,157600.0
2257.0,4,18,west,True,1022.0,409100.0
1783.0,3,34,east,True,8303.0,245200.0
869.0,1,57,center,True,5089.0,105400.0
1923.0,3,17,east,True,3502.0,271400.0
966.0,3,52,west,True,3875.0,118600.0
2134.0,3,77,east,True,,276400.0
1150.0,1,14,north,True,5779.0,214600.0
2002.0,3,1,west,True,6282.0,349300.0
1408.0,2,74,center,False,3615.0,249400.0
400.0,1,40,west,False,7742.0,33000.0
2398.0,4,19,west,True,4951.0,401600.0
2431.0,4,87,north,True,4851.0,342800.0
1487.0,3,42,north,True,,228100.0
1965.0,4,11,center,True,,403000.0
2063.0,3,30,east,False,5932.0,231700.0
2082.0,3,57,east,True,4915.0,297900.0
2835.0,5,29,west,False,,443900.0
2050.0,4,93,center,False,8438.0,301500.0
1585.0,1,62,east,False,8111.0,206300.0
2057.0,3,7,east,True,6732.0,294900.0
1542.0,3,34,east,True,6297.0,232200.0
1161.0,1,34,east,False,,145100.0
2532.0,4,14,west,False,6927.0,354700.0
2120.0,4,3,north,True,6361.0,368100.0
683.0,2,11,south,True,5596.0,65800.0
1390.0,4,68,east,True,,133100.0
2255.0,3,24,east,True,1000.0,338800.0
862.0,2,41,east,True,8055.0,109800.0
1348.0,2,14,east,True,3456.0,228300.0
3397.0,6,94,center,False,4564.0,632800.0
1601.0,4,98,center,False,3200.0,241700.0
2450.0,4,69,center,False,4527.0,476900.0
2700.0,4,33,east,False,,357500.0
1255.0,2,60,east,False,7779.0,133100.0
1960.0,3,38,east,True,8578.0,277000.0
3035.0,6,91,center,False,,568600.0
2076.0,2,60,west,True,6204.0,261200.0
3219.0,4,12,center,False,,627200.0
1418.0,3,9,center,True,7559.0,318400.0
2878.0,4,78,center,False,4292.0,531200.0
1810.0,2,72,east,True,,225800.0
1604.0,4,72,south,True,5266.0,179100.0
2184.0,3,33,center,True,5932.0,458100.0
1733.0,3,67,south,True,1866.0,176500.0
1749.0,4,27,south,False,8134.0,212700.0
2091.0,3,63,center,True,6480.0,360300.0
715.0,1,32,west,True,7596.0,73100.0
1321.0,4,12,east,False,2859.0,207200.0
2234.0,4,83,east,True,4670.0,251500.0
2395.0,5,81,east,False,4568.0,309400.0
2014.0,3,78,center,True,5595.0,397100.0
1966.0,3,63,east,True,5933.0,233600.0
2041.0,3,63,east,True,,222600.0
2375.0,4,77,north,False,6198.0,339900.0
944.0,2,56,north,False,4517.0,85400.0
1494.0,3,87,south,False,10375.0,169200.0
1755.0,4,76,south,True,5469.0,185100.0
1917.0,4,54,south,True,4186.0,203000.0
534.0,1,58,west,True,2230.0,30000.0
1046.0,2,95,east,True,,53500.0
1790.0,3,50,north,True,7382.0,295600.0
2408.0,5,10,east,False,3720.0,406100.0
1549.0,3,84,north,False,7250.0,166000.0
1400.0,2,0,east,True,6167.0,235600.0
2117.0,4,24,north,False,,344000.0
1603.0,1,32,north,True,7251.0,275600.0
2329.0,3,2,center,True,5470.0,439200.0
1667.0,2,21,north,True,3748.0,273900.0
1131.0,2,17,center,True,7914.0,215200.0
2652.0,5,55,east,False,7876.0,375400.0
2542.0,4,88,center,True,3704.0,465900.0
1227.0,1,28,north,True,,185600.0
2037.0,4,39,east,True,6407.0,276400.0
1604.0,3,68,center,False,5864.0,324500.0
2171.0,2,67,north,True,4969.0,310200.0
1275.0,2,94,east,False,5703.0,138100.0
2323.0,4,52,north,True,7877.0,377400.0
2517.0,6,76,south,False,6818.0,312300.0
1232.0,1,84,center,True,,161900.0
1841.0,4,42,east,True,1713.0,266400.0
2530.0,3,83,south,True,2286.0,279600.0
1199.0,1,98,west,False,3284.0,76700.0
1399.0,1,11,south,False,,169300.0
2197.0,4,77,north,False,5095.0,378300.0
1704.0,3,62,east,True,,198400.0
855.0,1,81,west,False,5932.0,59300.0
1608.0,3,54,north,True,5903.0,248400.0
2848.0,5,20,north,True,8287.0,465400.0
3038.0,5,42,east,True,2647.0,427800.0
1418.0,2,68,south,False,6668.0,125200.0
1252.0,1,89,center,False,6658.0,197400.0
1525.0,4,7,south,True,3475.0,207300.0
2881.0,6,18,south,True,7068.0,431700.0
2305.0,5,23,east,True,6745.0,336200.0
2678.0,4,59,center,True,5913.0,509500.0
2399.0,3,1,west,True,1165.0,399800.0
1008.0,1,95,west,True,7928.0,45400.0
1231.0,3,70,center,True,6453.0,250600.0
1382.0,2,90,center,False,6807.0,193100.0
1487.0,2,2,east,True,1000.0,250100.0
1393.0,3,27,south,False,4937.0,207400.0
1463.0,2,44,north,False,3133.0,203000.0
2184.0,3,77,east,True,,253900.0
1881.0,3,64,west,True,3790.0,243200.0
2532.0,4,41,south,False,8959.0,325600.0
1951.0,3,30,east,True,7906.0,244100.0
1394.0,1,33,east,True,6443.0,174500.0
1913.0,2,36,east,True,8271.0,246000.0
893.0,1,68,center,False,4111.0,102600.0
413.0,1,86,east,True,4469.0,30000.0
2186.0,2,47,east,True,7845.0,287100.0
2411.0,4,90,east,False,,294300.0
1843.0,4,29,south,True,3348.0,212700.0
1565.0,2,85,west,False,5357.0,178700.0
995.0,1,0,west,True,4236.0,138100.0
2500.0,4,74,east,False,9731.0,349700.0
2096.0,2,94,south,True,7551.0,199500.0
1975.0,4,27,center,True,,425800.0
1797.0,3,68,center,True,,282200.0
1518.0,2,7,west,True,,240200.0
1132.0,2,85,center,True,,186100.0
1952.0,2,48,east,True,6582.0,246300.0
1477.0,3,42,west,True,,189500.0
1546.0,3,92,south,True,3127.0,134700.0
2831.0,5,92,west,True,5244.0,394600.0
1771.0,3,22,north,True,6632.0,259400.0
400.0,1,95,east,False,5059.0,30000.0
1479.0,3,20,south,True,8015.0,195500.0
1199.0,1,81,east,False,7054.0,104500.0
1716.0,3,77,south,True,6475.0,166700.0
945.0,2,50,center,True,7015.0,162900.0
2060.0,3,59,north,True,3222.0,349200.0
1622.0,4,39,center,True,5004.0,326000.0
1515.0,4,40,west,False,3920.0,191700.0
1890.0,3,51,center,True,6769.0,346000.0
1754.0,3,86,south,False,3950.0,141200.0
1719.0,2,48,west,False,6164.0,182200.0
1665.0,4,58,north,True,5671.0,219300.0
1788.0,3,70,west,False,7200.0,230200.0
2006.0,6,92,east,True,3607.0,274100.0
1931.0,2,86,west,False,6904.0,255700.0
2476.0,6,36,west,True,3861.0,343700.0
1472.0,3,86,east,True,4071.0,136000.0
1943.0,2,44,south,True,5715.0,199100.0
3268.0,7,9,west,False,8389.0,453500.0
1775.0,2,7,center,True,4317.0,359600.0
1799.0,3,20,south,True,2444.0,248500.0
1042.0,1,36,center,False,4109.0,180900.0
1372.0,2,40,east,True,5230.0,141800.0
1736.0,3,17,center,False,9738.0,331800.0
2120.0,4,17,west,True,6777.0,316200.0
2189.0,6,3,west,False,4493.0,375200.0
1996.0,3,91,west,True,5717.0,237000.0
2282.0,2,25,center,False,9142.0,468000.0
1200.0,3,64,center,False,5519.0,204800.0
2093.0,3,49,south,True,5543.0,248600.0
1808.0,4,36,west,False,,238900.0
1875.0,3,24,west,False,,259900.0
1583.0,2,6,east,False,4949.0,199400.0
1228.0,1,10,south,False,7745.0,168600.0
1071.0,2,67,east,False,8126.0,101700.0
1992.0,3,45,south,True,7227.0,143000.0
2099.0,5,96,north,False,5552.0,306600.0
1722.0,3,14,center,False,3203.0,376900.0
1791.0,4,93,west,True,5552.0,194000.0
1368.0,1,8,east,True,4663.0,205500.0
2102.0,2,73,east,True,4442.0,245900.0
1836.0,4,96,north,False,5521.0,193200.0
1581.0,2,15,south,False,6958.0,248400.0
2320.0,4,47,north,False,4754.0,360100.0
2187.0,3,92,east,True,3250.0,258100.0
878.0,1,80,east,True,4083.0,50500.0
1829.0,4,21,center,True,9381.0,366200.0
1225.0,2,17,center,False,7097.0,248500.0
1884.0,2,33,west,False,4085.0,240100.0
400.0,1,46,center,False,8578.0,91500.0
1918.0,4,29,south,True,,262300.0
2227.0,4,8,north,False,10556.0,394000.0
1734.0,4,49,east,False,6524.0,224400.0
1101.0,1,41,north,False,7131.0,134800.0
2974.0,5,30,center,False,,629000.0
2494.0,4,82,north,True,8972.0,381200.0
1481.0,2,28,center,False,,277500.0
1643.0,4,89,west,True,8799.0,168100.0
611.0,1,1,south,False,4752.0,42700.0
2084.0,3,51,east,False,5277.0,271900.0
978.0,2,95,east,False,6018.0,67100.0
2200.0,3,28,west,True,7841.0,352200.0
2416.0,3,65,east,False,5340.0,332100.0
1758.0,3,73,east,True,9301.0,208100.0
1161.0,2,34,east,False,8653.0,146200.0
2549.0,4,63,north,False,,361400.0
1801.0,4,65,west,True,4068.0,264700.0
1856.0,2,47,south,False,8002.0,207600.0
1241.0,1,37,south,False,1809.0,148800.0
1916.0,2,47,south,False,,246100.0
1678.0,2,14,east,True,4352.0,223800.0
1003.0,2,49,west,False,8513.0,100600.0
2604.0,5,32,center,False,3228.0,588400.0
2855.0,5,33,east,False,4676.0,420300.0
2411.0,5,24,south,True,6876.0,306200.0
2321.0,4,51,center,False,,480200.0
2859.0,6,0,east,True,4748.0,429700.0
1172.0,1,5,north,False,5336.0,202500.0
1164.0,1,20,center,True,7905.0,210500.0
1551.0,3,57,center,True,8014.0,283100.0
1979.0,3,25,south,True,5296.0,240500.0
1624.0,3,49,south,False,4786.0,164100.0
1188.0,3,14,south,True,3262.0,161300.0
1803.0,3,42,south,False,6507.0,195300.0
1743.0,3,45,north,True,7625.0,281000.0
2305.0,5,32,north,True,6303.0,372100.0
1827.0,3,4,north,True,4150.0,270300.0
657.0,1,62,south,False,9573.0,54700.0
2031.0,2,20,north,True,1793.0,345100.0
2749.0,7,48,north,False,7756.0,506500.0
1817.0,2,70,center,True,,322400.0
2392.0,4,10,south,False,6937.0,321600.0
1497.0,2,67,center,True,,271500.0
2139.0,5,37,east,True,5695.0,325700.0
1353.0,2,50,east,True,6587.0,186700.0
1652.0,3,7,west,True,5828.0,265200.0
1657.0,2,49,north,True,2412.0,243400.0
2086.0,3,37,west,False,9425.0,319400.0
1306.0,3,17,east,False,7300.0,185600.0
921.0,1,53,center,True,6069.0,116900.0
2082.0,4,65,center,False,6198.0,352100.0
2060.0,4,39,west,True,9367.0,290500.0
1867.0,5,63,north,False,4515.0,285700.0
2360.0,3,34,center,True,4064.0,527500.0
1678.0,3,83,west,True,7700.0,197300.0
1969.0,3,28,north,False,6925.0,318700.0
1590.0,3,79,north,True,3980.0,204000.0
1645.0,5,38,center,True,8177.0,343200.0
2004.0,3,55,center,False,6590.0,383800.0
3160.0,3,6,east,False,4204.0,444500.0
2245.0,4,7,center,False,6981.0,443700.0
2129.0,3,99,east,False,,229100.0
2264.0,4,0,center,True,,457400.0
400.0,1,55,east,False,6769.0,30000.0
1992.0,2,45,west,False,7252.0,276300.0
2346.0,6,63,north,True,7828.0,354200.0
1851.0,3,0,center,True,6215.0,426200.0
1774.0,3,18,north,False,5459.0,322300.0
1236.0,4,33,south,False,6478.0,145500.0
1540.0,2,92,east,True,8382.0,131700.0
1300.0,3,34,west,False,7260.0,182100.0
2400.0,3,57,west,True,5347.0,326100.0
2701.0,5,57,west,True,,383000.0
2961.0,4,41,center,False,,576900.0
1290.0,3,82,west,True,7499.0,116700.0
1399.0,4,71,north,True,6304.0,194900.0
1350.0,2,44,west,False,8281.0,168500.0
1189.0,1,30,south,True,4914.0,126000.0
1199.0,2,27,east,False,6658.0,161600.0
1491.0,3,93,west,False,,162500.0
2325.0,5,12,south,False,,313600.0
1369.0,3,16,south,False,,166800.0
2432.0,5,26,south,False,5832.0,323300.0
2620.0,4,83,south,False,5048.0,269700.0
1971.0,3,68,center,False,,332500.0
2537.0,3,96,south,True,2343.0,239400.0
983.0,1,72,east,False,6360.0,70600.0
1465.0,3,49,west,True,8062.0,163400.0
1914.0,2,4,south,True,7125.0,208500.0
1934.0,2,87,north,True,,272100.0
2658.0,5,66,south,True,,343000.0
1201.0,1,7,north,True,5771.0,211500.0
1478.0,3,97,east,False,6950.0,135900.0
1749.0,2,62,north,True,,206100.0
1489.0,3,61,south,False,5988.0,160800.0
1174.0,1,35,east,False,,104100.0
1514.0,1,33,south,False,6874.0,169500.0
1653.0,4,36,south,True,,182000.0
2669.0,4,5,west,True,,359300.0
1188.0,2,45,east,True,4705.0,180300.0
2289.0,3,6,west,False,7274.0,322200.0
2563.0,5,59,center,True,,487900.0
1492.0,3,20,south,True,6975.0,186000.0
1956.0,4,61,south,True,6926.0,208800.0
2146.0,3,37,east,False,5402.0,302800.0
2047.0,3,27,north,True,,312600.0
1849.0,3,14,west,True,9085.0,290700.0
1393.0,4,38,north,True,3960.0,227400.0
2197.0,4,6,south,True,7908.0,260900.0
1575.0,2,24,center,False,8173.0,315600.0
1817.0,3,46,west,True,5585.0,224400.0
1905.0,3,63,east,True,7602.0,206900.0
2314.0,2,45,north,True,5491.0,363100.0
2957.0,3,10,center,True,8512.0,595600.0
1357.0,2,72,east,False,1000.0,155100.0
1832.0,3,42,center,False,8890.0,361900.0
909.0,1,62,west,False,3775.0,56000.0
2689.0,5,97,center,True,6180.0,510400.0
1826.0,2,4,north,False,4372.0,315200.0
1620.0,2,98,center,False,8993.0,245000.0
1831.0,2,95,west,False,5542.0,205300.0
1862.0,3,51,south,True,4916.0,230800.0
1361.0,2,2,center,False,8240.0,276000.0
2513.0,4,24,east,False,7464.0,411800.0
2187.0,2,22,west,True,,357700.0
2271.0,2,58,center,True,4018.0,426400.0
1392.0,2,69,east,True,,147500.0
1360.0,1,48,west,True,8550.0,166000.0
1732.0,1,35,center,True,6838.0,312700.0
2280.0,4,4,west,False,6347.0,361900.0
2101.0,5,93,west,True,,282900.0
1333.0,2,98,center,True,,167800.0
2201.0,4,3,center,True,5351.0,479400.0
1217.0,2,32,west,False,5404.0,190300.0
1403.0,1,98,north,True,7963.0,172400.0
1895.0,4,39,west,False,3062.0,269800.0
1097.0,3,62,south,True,8107.0,118500.0
1222.0,4,51,east,True,9589.0,185800.0
2731.0,4,63,south,True,,316300.0
2620.0,3,88,south,True,6033.0,279200.0
3174.0,6,37,center,True,6999.0,696400.0
2070.0,4,79,south,True,7746.0,228400.0
2187.0,4,45,north,True,1671.0,319700.0
1707.0,2,20,west,True,6675.0,271900.0
1590.0,3,7,west,False,5563.0,257900.0
2323.0,3,71,center,False,5433.0,412200.0
2617.0,4,60,north,True,10138.0,376200.0
2272.0,4,87,center,True,5569.0,416400.0
1296.0,4,23,center,True,6900.0,262500.0
2035.0,4,71,south,True,5759.0,191600.0
1338.0,1,2,center,True,6482.0,272100.0
1605.0,3,13,center,False,7105.0,325800.0
2782.0,5,59,north,True,7787.0,435300.0
1080.0,1,53,north,False,4446.0,153100.0
3101.0,4,59,west,True,6305.0,393900.0
2130.0,4,83,east,True,6376.0,229300.0
1520.0,2,83,center,True,2704.0,239200.0
1841.0,4,19,center,True,4093.0,410800.0
1389.0,1,20,north,False,7782.0,277400.0
1472.0,2,53,center,False,5077.0,265800.0
1844.0,4,95,center,True,11224.0,318500.0
1603.0,3,66,west,True,7926.0,141600.0
1240.0,2,14,south,True,6904.0,179500.0
1667.0,3,63,west,True,9021.0,225900.0
1011.0,2,33,east,False,7545.0,134700.0
1037.0,1,10,south,True,6368.0,98100.0
1031.0,1,71,north,True,3172.0,167800.0
2803.0,5,27,west,False,7331.0,461900.0
2043.0,5,77,south,True,8793.0,231200.0
2158.0,4,55,south,True,,275900.0
1807.0,3,44,south,True,2348.0,211500.0
2104.0,3,20,north,False,3861.0,366700.0
2506.0,5,29,south,False,,288600.0
2045.0,4,33,center,False,,350900.0
2784.0,5,69,west,True,8920.0,355700.0
1778.0,4,41,north,False,6038.0,260400.0
2159.0,5,3,south,True,,281800.0
2222.0,3,1,west,True,10269.0,358700.0
1241.0,1,27,center,True,5257.0,228300.0
1826.0,3,51,east,True,5502.0,233700.0
695.0,1,33,center,True,6921.0,89700.0
1722.0,2,99,north,False,5420.0,183200.0
1633.0,4,23,center,False,7556.0,333300.0
1597.0,2,40,north,False,6892.0,228000.0
1555.0,3,39,west,True,6971.0,217200.0
2107.0,2,27,north,True,4767.0,349700.0
1269.0,2,88,center,False,2675.0,237600.0
2916.0,6,25,south,True,4336.0,381300.0
2140.0,5,1,south,True,4512.0,342400.0
1318.0,3,51,west,True,6585.0,182100.0
2188.0,4,63,north,False,4370.0,347900.0
2397.0,5,45,east,True,3069.0,356900.0
2021.0,4,42,south,False,3707.0,262100.0
1197.0,2,86,east,True,6775.0,91700.0
3142.0,6,37,south,True,,428100.0
2184.0,4,63,center,False,,402500.0
1051.0,1,83,east,True,5200.0,95900.0
1925.0,2,39,west,True,,270900.0
1668.0,3,54,north,True,6331.0,275600.0
1804.0,2,38,west,True,,260000.0
1084.0,1,61,south,True,,59800.0
1833.0,3,54,east,True,4337.0,285300.0
1301.0,3,85,center,True,8173.0,231300.0
1590.0,3,25,west,True,5377.0,219700.0
2032.0,4,16,south,False,4422.0,237800.0
1514.0,3,42,south,False,7786.0,198200.0
1626.0,4,61,center,True,,275000.0
2292.0,3,28,south,True,6366.0,304800.0
1267.0,2,99,north,True,,166600.0
1411.0,2,51,south,False,9070.0,132900.0
1047.0,1,81,north,True,6753.0,94500.0
1306.0,3,54,west,False,6439.0,155900.0
1877.0,3,39,center,True,5192.0,339200.0
2184.0,4,84,east,True,8260.0,269800.0
1316.0,2,15,west,True,3783.0,204700.0
2166.0,5,25,center,False,3593.0,461800.0
1863.0,2,76,center,True,,305600.0
970.0,3,90,north,False,4275.0,124000.0
1905.0,4,29,north,True,7919.0,286400.0
2517.0,3,53,south,True,8757.0,314500.0
665.0,1,48,south,True,6420.0,30000.0
3003.0,6,72,north,True,4238.0,507100.0
1434.0,4,49,north,False,7260.0,204400.0
811.0,2,61,center,False,8784.0,140400.0
1883.0,3,66,north,True,6685.0,289900.0
2299.0,3,82,east,True,,245300.0
1632.0,3,13,north,True,6612.0,294800.0
1987.0,3,66,west,True,3231.0,246500.0
3072.0,5,18,west,True,4053.0,463700.0
1923.0,3,1,east,False,,271500.0
3589.0,7,71,south,True,6123.0,476100.0
2559.0,6,39,north,True,,391800.0
1831.0,4,71,east,False,6499.0,234900.0
1975.0,3,93,west,False,7043.0,221300.0
1608.0,2,12,north,True,5571.0,293000.0
1950.0,4,45,center,True,1684.0,436900.0
2137.0,5,9,center,True,6209.0,434800.0
1558.0,3,82,west,True,,186600.0
972.0,2,99,center,False,6915.0,118000.0
2593.0,4,86,south,False,6031.0,307800.0
2384.0,4,99,west,True,5255.0,292200.0
950.0,3,33,west,True,7154.0,153700.0
1903.0,3,27,west,False,,268900.0
2416.0,4,85,west,True,,370500.0
2354.0,3,65,north,False,3807.0,296600.0
1384.0,4,37,center,False,,280100.0
2389.0,3,21,west,True,5078.0,356300.0
1809.0,2,2,north,False,,305700.0
2033.0,4,3,west,True,2109.0,329700.0
1248.0,2,69,center,True,,209000.0
400.0,1,26,north,True,7085.0,55700.0
1334.0,3,82,center,False,7407.0,229700.0
2122.0,3,84,south,True,5939.0,262100.0
1677.0,2,45,south,True,1679.0,118700.0
2190.0,3,29,east,True,,350100.0
2464.0,5,17,west,False,9168.0,445000.0
1602.0,3,25,north,False,4322.0,215600.0
1543.0,2,61,south,True,5148.0,159100.0
488.0,1,75,center,True,7613.0,78100.0
871.0,1,73,south,True,7666.0,80600.0
996.0,1,95,south,False,8194.0,97900.0
2134.0,3,65,west,True,8029.0,292400.0
1608.0,3,50,south,False,2936.0,129200.0
1479.0,3,35,north,False,,263700.0
1411.0,2,33,east,False,,200600.0
1333.0,3,36,north,True,,242800.0
2354.0,5,87,south,False,6732.0,217200.0
1856.0,2,54,west,True,5739.0,214800.0
2395.0,4,22,west,False,5128.0,362100.0
484.0,1,19,center,True,5516.0,121100.0
2120.0,4,2,center,False,3756.0,488000.0
1510.0,1,84,north,True,4553.0,168800.0
1631.0,2,21,east,False,5866.0,215500.0
2612.0,4,10,north,True,5903.0,514800.0
1566.0,2,28,center,False,7135.0,290900.0
2095.0,3,48,north,True,5430.0,339200.0
1189.0,3,95,west,True,9352.0,106100.0
1822.0,3,85,north,True,8460.0,259500.0
845.0,1,17,north,False,4995.0,109200.0
1766.0,3,52,center,False,6396.0,310100.0
2031.0,5,82,north,False,,285200.0
2464.0,4,76,east,True,4719.0,296700.0
1309.0,2,46,east,False,4505.0,152100.0
1483.0,2,23,west,True,,227200.0
1414.0,3,78,center,True,7383.0,286200.0
1648.0,2,44,east,False,8148.0,194900.0
1222.0,1,23,west,True,6631.0,145200.0
506.0,1,71,center,True,5490.0,50900.0
1174.0,2,88,north,False,3316.0,112000.0
1771.0,3,88,east,True,6274.0,156100.0
1711.0,2,93,south,False,8464.0,180400.0
2131.0,3,64,center,True,8488.0,397300.0
2305.0,4,76,west,False,8142.0,309400.0
1530.0,2,24,west,True,7574.0,172100.0
849.0,1,32,north,False,10422.0,104900.0
2042.0,4,14,center,False,2897.0,386900.0
1794.0,2,8,north,False,6462.0,299100.0
1645.0,3,84,east,True,4126.0,185600.0
2532.0,3,45,west,False,9105.0,362100.0
2070.0,3,55,center,True,4895.0,373500.0
1874.0,3,8,south,True,8017.0,226200.0
1898.0,4,18,south,True,5101.0,242800.0
2310.0,2,7,north,True,,394500.0
1386.0,2,48,west,False,5783.0,165000.0
1272.0,2,58,north,True,5972.0,150000.0
1660.0,4,12,west,False,6667.0,237000.0
1093.0,3,70,north,False,7839.0,122900.0
1773.0,3,10,east,True,5781.0,248300.0
1858.0,4,83,east,True,7783.0,190900.0
1759.0,3,91,east,True,8076.0,181700.0
1583.0,3,64,south,True,5166.0,196500.0
2792.0,5,54,north,True,9770.0,435100.0
2364.0,3,73,west,False,7490.0,280200.0
1742.0,3,24,center,False,5137.0,292100.0
1856.0,3,92,south,True,7228.0,223900.0
2626.0,4,88,east,True,8077.0,352300.0
1449.0,3,69,north,False,7179.0,206000.0
1221.0,1,99,north,False,6404.0,156300.0
1936.0,3,30,south,False,1000.0,251000.0
2048.0,4,88,west,False,4065.0,254900.0
2093.0,3,3,west,True,7357.0,295500.0
2297.0,3,74,west,False,4026.0,348100.0
1360.0,1,28,north,True,7028.0,196100.0
955.0,2,96,north,True,7769.0,81200.0
1449.0,3,56,south,False,5775.0,155900.0
2149.0,4,19,south,True,2471.0,280200.0
1247.0,2,31,east,False,,177300.0
640.0,1,87,east,False,7370.0,38100.0
1887.0,3,80,north,False,,247900.0
1460.0,2,35,center,True,1837.0,278300.0
764.0,1,26,west,True,6162.0,112400.0
1845.0,4,3,south,False,3065.0,236300.0
1568.0,1,12,west,True,6181.0,266800.0
2806.0,3,3,south,True,5686.0,369900.0
1853.0,3,32,north,True,10721.0,335100.0
2152.0,3,18,west,False,4922.0,288600.0
1790.0,3,2,north,False,,325100.0
1441.0,3,77,south,False,,114900.0
1507.0,3,87,south,False,5610.0,121700.0
2449.0,3,89,center,False,6238.0,462300.0
2249.0,3,83,east,True,6001.0,263400.0
907.0,2,12,west,True,,201400.0
1051.0,2,16,center,True,4339.0,223000.0
1084.0,2,84,center,False,,144900.0
2436.0,4,1,west,True,3723.0,397600.0
761.0,2,75,south,False,4999.0,41100.0
2272.0,5,12,east,False,5609.0,360000.0
2039.0,3,5,north,True,6324.0,340000.0
1888.0,3,78,east,True,6887.0,231800.0
1516.0,2,73,east,True,,172600.0
2513.0,4,8,center,False,4462.0,524400.0
1868.0,2,3,north,True,6851.0,341900.0
933.0,1,88,west,False,7582.0,30000.0
1073.0,2,26,south,True,5028.0,128400.0
813.0,1,96,north,False,4035.0,44800.0
2520.0,4,53,east,True,5107.0,303000.0
2655.0,4,97,center,False,5637.0,459100.0
2452.0,6,90,east,False,8290.0,291900.0
1714.0,3,61,north,False,,243100.0
944.0,2,10,south,True,5993.0,130800.0
1168.0,3,89,west,False,,132600.0
1207.0,2,34,south,False,5930.0,126500.0
1773.0,4,25,south,False,8828.0,265700.0
2632.0,5,57,south,True,8443.0,305700.0
2630.0,4,35,north,False,8301.0,377300.0
1507.0,2,74,west,True,,168200.0
458.0,1,26,south,True,,43800.0
1100.0,1,91,south,False,6010.0,30000.0
2513.0,4,9,south,True,7700.0,363400.0
1939.0,3,46,west,True,4421.0,266600.0
1587.0,2,96,center,True,5474.0,225800.0
1545.0,1,84,west,True,9334.0,145500.0
1349.0,3,82,east,False,7247.0,160700.0
1078.0,2,61,west,True,,145000.0
3043.0,6,56,south,True,3558.0,357000.0
2831.0,6,20,center,True,5136.0,553400.0
1307.0,2,29,west,False,6668.0,186100.0
748.0,2,57,center,True,5917.0,123700.0
1901.0,3,30,south,True,3549.0,247500.0
1712.0,3,31,north,False,7520.0,258600.0
2177.0,3,67,west,False,,284900.0
2313.0,4,70,south,False,5429.0,259400.0
1098.0,5,49,south,True,7591.0,150000.0
2568.0,5,28,west,True,10058.0,421000.0
1588.0,3,17,east,False,9051.0,267700.0
2165.0,4,26,west,False,5519.0,356500.0
1643.0,3,32,south,False,3793.0,244200.0
2353.0,4,94,north,True,,358400.0
400.0,1,32,east,True,,30000.0
2243.0,4,90,center,False,,440500.0
1301.0,1,53,east,False,5988.0,113600.0
1844.0,3,45,center,False,9124.0,411500.0
2547.0,5,26,center,True,8337.0,495600.0
1318.0,2,76,center,False,2201.0,238300.0
1224.0,2,84,east,True,8123.0,153300.0
1577.0,3,98,south,True,,149100.0
1539.0,3,82,center,True,,209800.0
1170.0,2,8,east,True,6183.0,146600.0
1864.0,3,87,south,True,6829.0,192000.0
1895.0,3,60,east,True,4412.0,252900.0
2078.0,5,51,west,True,5760.0,291400.0
1308.0,2,25,south,True,5338.0,158600.0
1234.0,2,50,center,True,7591.0,183200.0
1729.0,3,80,south,False,,215800.0
1653.0,2,58,south,False,2600.0,164900.0
1664.0,2,10,north,True,5105.0,296300.0
1376.0,2,75,center,False,4107.0,263700.0
1998.0,3,78,center,True,3412.0,328300.0
1235.0,3,67,south,True,8361.0,122100.0
1727.0,3,20,east,True,7607.0,252000.0
1616.0,3,29,west,False,4066.0,227700.0
1780.0,3,45,west,True,3461.0,269200.0
2511.0,4,86,west,False,5795.0,311200.0
1011.0,3,81,south,False,3353.0,80500.0
400.0,1,9,north,True,5516.0,54500.0
1443.0,3,6,center,False,6141.0,360500.0
1109.0,1,4,center,True,6609.0,209800.0
400.0,2,92,center,False,6680.0,36000.0
2848.0,5,86,north,False,4439.0,471000.0
2136.0,2,21,west,True,6141.0,290600.0
2200.0,3,91,south,True,,225100.0
1629.0,3,50,south,False,1806.0,158000.0
2052.0,2,31,east,True,6651.0,227300.0
1546.0,3,73,south,False,,134100.0
2289.0,3,6,east,True,8808.0,322100.0
1913.0,3,12,east,True,7634.0,265200.0
1778.0,2,25,center,True,7570.0,342600.0
1823.0,2,60,center,True,,331300.0
2679.0,4,83,west,False,6528.0,325500.0
1900.0,4,51,center,True,6750.0,372700.0
1182.0,2,43,east,False,,174400.0
2002.0,4,58,north,True,,337200.0
2093.0,3,1,center,True,7227.0,431500.0
1713.0,3,66,south,True,3172.0,203000.0
1769.0,3,80,east,True,7204.0,186100.0
1160.0,2,42,south,False,6199.0,115700.0
1858.0,2,64,center,True,8763.0,345000.0
1071.0,3,29,south,False,5174.0,120000.0
1650.0,2,93,west,True,6355.0,151500.0
1398.0,3,18,west,False,6683.0,231100.0
2390.0,4,13,east,True,1000.0,329500.0
2730.0,4,93,east,False,5291.0,321600.0
1113.0,2,50,north,True,6173.0,180100.0
1797.0,4,40,center,True,1287.0,365300.0
1614.0,3,81,south,False,7348.0,160400.0
2079.0,4,28,south,False,6172.0,225900.0
1858.0,4,29,south,True,6160.0,204600.0
1568.0,1,5,south,False,7442.0,210900.0
1856.0,2,51,west,True,5178.0,263400.0
1671.0,2,75,east,True,6087.0,194400.0
2753.0,6,98,center,False,7730.0,497200.0
1324.0,3,52,center,False,6111.0,228800.0
1954.0,2,7,south,True,2312.0,258900.0
2106.0,3,19,center,False,6103.0,395000.0
2063.0,2,28,west,False,6128.0,299300.0
1621.0,3,89,center,True,7801.0,237300.0
2621.0,5,58,north,True,5314.0,384700.0
547.0,2,93,east,True,4044.0,30000.0
1144.0,2,84,west,True,4051.0,129000.0
2198.0,3,88,south,True,8885.0,233400.0
1272.0,2,27,west,False,6579.0,151300.0
1237.0,3,56,west,True,,109000.0
1520.0,4,6,north,True,9073.0,265800.0
1329.0,1,37,center,True,,197000.0
2182.0,5,31,center,True,4360.0,465700.0
2343.0,4,16,south,False,5745.0,278900.0
1853.0,4,6,north,False,7229.0,376800.0
2433.0,4,37,north,True,3197.0,367800.0
968.0,3,7,north,True,6910.0,180700.0
1846.0,3,61,north,True,6808.0,252400.0
2609.0,4,27,south,True,3749.0,326800.0
2386.0,4,22,west,False,3819.0,364900.0
2662.0,5,11,west,False,6889.0,437000.0
1446.0,2,46,east,False,,204700.0
2350.0,2,16,west,True,5410.0,367900.0
1544.0,2,57,north,False,6659.0,245100.0
2157.0,4,98,center,True,4790.0,363000.0
2587.0,4,73,north,True,6473.0,404700.0
1324.0,2,11,south,True,4749.0,161500.0
687.0,2,9,west,False,5482.0,130500.0
2909.0,3,87,north,False,10898.0,428300.0
2093.0,4,86,east,False,6214.0,265000.0
1736.0,3,36,center,True,,345000.0
1703.0,5,45,south,False,7286.0,225100.0
542.0,1,37,west,True,8259.0,36500.0
1925.0,4,58,west,False,,223100.0
1482.0,3,20,north,True,5646.0,268300.0
1831.0,3,94,north,False,,275500.0
1818.0,4,40,north,True,4214.0,285100.0
400.0,1,16,north,True,5621.0,78500.0
2094.0,3,30,east,True,5266.0,248700.0
1913.0,4,88,south,True,4884.0,178000.0
1994.0,4,28,east,True,,283800.0
1690.0,3,80,south,False,7842.0,123100.0
1829.0,3,76,south,True,8534.0,149200.0
1904.0,4,99,north,False,4423.0,258900.0
1965.0,4,15,west,True,4158.0,287600.0
2085.0,3,39,north,False,6155.0,319200.0
1970.0,3,84,center,False,6830.0,336600.0
2910.0,5,12,north,False,6143.0,463500.0
1364.0,3,3,center,True,6694.0,283400.0
1575.0,2,1,west,True,9170.0,245100.0
2816.0,4,8,center,True,5563.0,569300.0
1707.0,3,79,center,False,7614.0,284900.0
2359.0,4,34,east,True,7036.0,323900.0
1881.0,4,13,north,True,6191.0,340500.0
1663.0,2,70,west,False,7522.0,201100.0
2392.0,4,30,west,False,4464.0,306600.0
2111.0,3,13,center,True,4062.0,402200.0
880.0,1,98,south,True,6866.0,62100.0
1904.0,2,58,center,False,2724.0,332000.0
1203.0,1,44,center,False,7023.0,211200.0
2563.0,4,92,west,False,3744.0,379000.0
2852.0,4,23,south,True,9036.0,381000.0
2924.0,4,58,south,False,5207.0,292700.0
2015.0,5,75,north,True,8906.0,333600.0
1523.0,4,0,center,True,,332100.0
1993.0,3,27,east,True,,286600.0
1236.0,1,9,south,True,7732.0,163000.0
3207.0,6,53,north,True,6586.0,539600.0
2517.0,3,68,east,True,5867.0,317300.0
1983.0,2,15,north,True,5192.0,288200.0
2398.0,4,14,center,True,,502500.0
1505.0,1,46,south,False,,125500.0
1135.0,2,39,east,False,2649.0,186000.0
472.0,1,10,west,False,,58700.0
1850.0,3,68,west,False,8354.0,236800.0
1675.0,4,77,north,False,8204.0,217900.0
2112.0,3,42,north,True,4155.0,338400.0
1808.0,3,36,south,False,2495.0,228100.0
2084.0,3,16,west,True,8545.0,297800.0
2287.0,3,31,center,True,3906.0,464600.0
924.0,1,50,center,False,5018.0,153800.0
2321.0,4,99,south,True,6192.0,234300.0
1556.0,1,18,west,True,3855.0,205200.0
2111.0,3,82,north,False,7849.0,355600.0
2413.0,4,50,north,True,6042.0,407700.0
2417.0,5,55,east,True,4236.0,343600.0
1877.0,3,30,north,False,4412.0,328900.0
1907.0,3,94,north,False,8594.0,262000.0
2335.0,3,6,center,False,5442.0,474300.0
899.0,2,21,center,True,7229.0,109200.0
1229.0,1,31,west,False,5980.0,134100.0
1632.0,2,57,south,False,,226600.0
1000.0,3,42,north,False,7494.0,175400.0
1637.0,3,92,north,True,8148.0,216600.0
1604.0,3,18,east,True,,189700.0
1852.0,4,56,center,True,2199.0,366100.0
1766.0,3,48,east,False,1000.0,221300.0
2442.0,3,30,center,True,,503000.0
2144.0,4,2,center,False,4801.0,424800.0
1757.0,3,81,west,True,3140.0,201500.0
1600.0,2,20,north,True,,280100.0
1771.0,2,13,south,True,5101.0,273600.0
1782.0,3,57,south,False,3448.0,180100.0
3311.0,4,15,east,False,5834.0,454800.0
925.0,1,63,west,True,7133.0,118900.0
1244.0,2,73,center,True,6350.0,172000.0
1156.0,2,22,center,True,6365.0,196800.0
1962.0,4,6,east,True,6887.0,301400.0
1938.0,4,9,center,True,2617.0,457400.0
1456.0,2,5,center,True,5897.0,279600.0
2338.0,5,48,north,True,6480.0,363100.0
2022.0,3,37,west,False,,291500.0
2363.0,5,77,east,True,4341.0,288300.0
2522.0,4,39,center,True,4508.0,455300.0
521.0,1,65,center,True,5413.0,78600.0
2211.0,4,46,north,True,7829.0,352700.0
1026.0,2,42,west,True,9054.0,139500.0
1950.0,4,74,center,True,,352100.0
1756.0,3,50,west,True,2879.0,276200.0
1782.0,5,56,center,False,,328400.0
1077.0,2,45,west,True,7315.0,108600.0
2418.0,5,71,west,False,8601.0,372500.0
1026.0,1,30,center,True,,133800.0
2250.0,4,4,center,False,6367.0,468600.0
941.0,2,42,north,False,3736.0,129800.0
1789.0,4,31,west,True,6553.0,260700.0
2883.0,5,89,south,True,4713.0,282600.0
3217.0,3,96,east,True,6366.0,367000.0
829.0,1,21,west,True,3576.0,136500.0
1377.0,2,42,west,False,2732.0,217600.0
1486.0,2,43,north,True,,210400.0
3153.0,5,22,center,False,6139.0,622600.0
1759.0,4,0,west,False,10269.0,239200.0
2445.0,4,99,west,False,9018.0,331100.0
1980.0,3,65,west,True,2729.0,285000.0
1080.0,1,41,east,False,6724.0,55800.0
684.0,2,18,south,True,3411.0,30000.0
1432.0,2,47,east,False,5408.0,179900.0
3190.0,5,27,south,True,2230.0,416800.0
1955.0,5,22,center,True,2852.0,391400.0
2433.0,4,95,north,True,4290.0,344600.0
949.0,1,65,north,True,4909.0,103400.0
1605.0,3,30,west,True,6078.0,232400.0
2267.0,2,20,west,False,,311500.0
1145.0,1,76,east,True,6299.0,107100.0
1762.0,3,60,east,False,8272.0,201200.0
1272.0,2,85,north,False,,132900.0
2296.0,4,75,center,False,5865.0,378300.0
2039.0,3,40,center,False,6683.0,391500.0
2210.0,4,65,south,False,3130.0,269800.0
2323.0,2,38,north,True,,354800.0
1663.0,3,9,east,True,,235900.0
2402.0,4,3,south,True,9104.0,355200.0
1446.0,3,7,north,True,7542.0,273600.0
2175.0,3,91,north,False,,344400.0
617.0,1,84,west,True,,86800.0
1352.0,2,39,south,False,5996.0,152700.0
3189.0,6,90,west,True,,407400.0
2167.0,3,73,south,False,4116.0,219900.0
2167.0,4,13,west,True,9503.0,349000.0
1306.0,3,22,south,True,6207.0,199900.0
1143.0,1,37,east,False,3770.0,112100.0
1641.0,3,80,west,True,7033.0,203500.0
1760.0,2,65,south,False,6686.0,162600.0
2949.0,4,39,center,True,5341.0,582300.0
2411.0,5,83,west,False,4204.0,316200.0
1865.0,3,32,south,False,7471.0,236700.0
1839.0,3,90,center,False,7892.0,366200.0
2255.0,3,72,east,True,6645.0,290600.0
1009.0,2,69,west,False,6143.0,95400.0
647.0,1,8,south,True,4435.0,66200.0
2246.0,4,14,north,True,,374600.0
1843.0,3,98,east,False,4731.0,177400.0
1013.0,3,76,east,True,3455.0,102000.0
543.0,1,25,west,False,8251.0,30000.0
2336.0,4,85,west,True,3940.0,297100.0
1487.0,3,30,west,True,2206.0,210700.0
2040.0,3,35,east,False,8618.0,248700.0
1642.0,3,30,north,False,2511.0,252400.0
1779.0,3,49,east,False,5221.0,257300.0
1445.0,2,76,center,False,3809.0,271600.0
1754.0,3,16,center,True,4552.0,344100.0
2146.0,4,96,north,False,10448.0,310400.0
1635.0,3,30,center,True,5797.0,284600.0
1600.0,2,96,north,True,6720.0,189800.0
2165.0,4,86,north,False,7581.0,314200.0
2205.0,3,54,north,True,4706.0,373800.0
1118.0,2,8,east,False,8150.0,192700.0
1783.0,2,57,north,True,6752.0,263800.0
1486.0,4,76,west,True,7508.0,159300.0
1808.0,5,98,east,False,4550.0,238200.0
2660.0,4,9,center,True,6888.0,542900.0
2015.0,4,74,south,True,5982.0,228900.0
3099.0,6,29,south,True,8260.0,398900.0
1932.0,2,74,east,False,4919.0,275900.0
1700.0,1,58,north,True,10064.0,223800.0
1788.0,4,86,east,True,,228900.0
1886.0,3,0,east,True,,281600.0
1994.0,3,50,west,False,5516.0,288300.0
1205.0,2,67,east,False,,168600.0
1660.0,2,37,north,False,4743.0,204200.0
1365.0,5,31,south,True,7333.0,172600.0
2418.0,4,32,north,True,,371000.0
645.0,1,74,center,False,9887.0,87600.0
1894.0,4,20,east,True,5133.0,291200.0
889.0,3,97,south,True,5759.0,39000.0
2059.0,4,20,south,False,,253500.0
1561.0,2,41,north,True,9738.0,239900.0
710.0,1,99,east,True,3109.0,30000.0
2365.0,2,2,north,True,6187.0,407000.0
400.0,1,33,west,True,6626.0,30000.0
1781.0,3,84,south,False,3744.0,193200.0
2215.0,4,31,north,True,11286.0,327700.0
2626.0,6,27,north,True,4139.0,427500.0
834.0,2,0,north,True,6067.0,128800.0
1490.0,3,14,south,True,9368.0,186300.0
2450.0,4,19,north,False,5250.0,443500.0
2491.0,5,87,north,False,6287.0,387600.0
2568.0,4,54,south,True,5310.0,292200.0
3337.0,6,23,east,True,5893.0,475100.0
1495.0,3,80,south,True,8163.0,163700.0
2023.0,4,60,east,True,5157.0,231200.0
1592.0,1,31,east,False,,207600.0
615.0,2,25,east,False,5934.0,62500.0
1746.0,3,22,north,True,6126.0,281200.0
603.0,2,71,center,False,6391.0,95500.0
1488.0,3,71,north,False,5633.0,187000.0
919.0,2,64,center,False,4275.0,169300.0
2063.0,4,44,south,False,5510.0,302800.0
1333.0,2,50,east,False,9530.0,175100.0
729.0,2,89,north,True,5916.0,57000.0
2319.0,3,55,south,True,,295600.0
1438.0,3,61,center,False,,229700.0
1541.0,3,22,west,True,5417.0,266600.0
1213.0,2,45,west,False,,137100.0
2489.0,4,2,south,True,,389900.0
1962.0,3,46,center,True,2888.0,357600.0
1432.0,2,80,west,False,6745.0,177300.0
652.0,1,67,south,True,,30000.0
3306.0,6,88,west,True,,450200.0
2988.0,3,34,south,True,1310.0,341800.0
2666.0,5,77,north,False,1954.0,367300.0
1378.0,2,73,west,True,,188400.0
1499.0,2,70,east,False,4154.0,136900.0
2040.0,2,79,north,True,4714.0,265000.0
1264.0,2,47,center,False,5151.0,207100.0
1206.0,2,34,west,True,3894.0,192200.0
2675.0,5,58,east,False,3549.0,385200.0
1767.0,2,38,center,True,,369200.0
1128.0,1,69,west,True,2188.0,99300.0
2372.0,3,86,center,True,,460300.0
1456.0,3,2,west,False,4665.0,211900.0
612.0,2,62,north,False,5953.0,42500.0
1119.0,2,42,east,True,10774.0,118400.0
1490.0,2,10,east,True,4036.0,197800.0
1932.0,3,22,south,False,6813.0,241500.0
1903.0,3,82,south,False,6442.0,171100.0
2537.0,5,36,east,False,7120.0,363500.0
1658.0,2,8,east,True,5573.0,174600.0
1521.0,1,74,north,True,8883.0,202500.0
2547.0,5,23,east,True,7371.0,342300.0
2387.0,5,36,east,True,7402.0,319600.0
1672.0,3,19,center,False,3172.0,322200.0
1975.0,3,73,north,True,,306100.0
1515.0,1,91,east,True,,160700.0
1103.0,1,97,center,True,4277.0,146600.0
3118.0,4,7,south,True,4747.0,394100.0
1475.0,2,92,west,False,5888.0,177200.0
1977.0,3,63,south,False,6914.0,261500.0
891.0,2,82,north,False,7963.0,90700.0
2242.0,4,7,west,True,,310700.0
1076.0,3,85,west,False,6585.0,90800.0
2807.0,5,32,center,False,6111.0,581800.0
2878.0,5,39,west,False,5351.0,414400.0
2139.0,3,89,south,True,5505.0,195100.0
1869.0,2,73,west,True,4439.0,209400.0
1688.0,4,51,north,False,5143.0,260000.0
1771.0,2,66,south,False,6708.0,144700.0
2046.0,2,35,south,True,9081.0,242000.0
1854.0,3,98,east,False,5701.0,203000.0
2389.0,3,6,west,False,4385.0,357300.0
1249.0,2,57,east,False,7939.0,116300.0
2717.0,4,4,north,True,1995.0,490600.0
1546.0,3,42,south,False,8086.0,145200.0
1352.0,3,50,north,False,3134.0,202400.0
2018.0,4,83,east,True,7314.0,259400.0
2056.0,4,93,west,False,5048.0,258000.0
758.0,1,74,south,True,6642.0,73200.0
1511.0,2,96,east,True,10166.0,120100.0
497.0,1,12,center,False,4324.0,76300.0
1395.0,4,52,north,True,3999.0,197000.0
1420.0,2,59,center,True,6156.0,332600.0
1978.0,3,7,south,False,9051.0,274300.0
1327.0,3,59,south,False,6358.0,154400.0
1469.0,3,4,west,False,,248500.0
2582.0,4,63,south,True,6338.0,300800.0
3039.0,6,22,east,False,3991.0,471700.0
1247.0,2,94,south,True,6358.0,47000.0
2412.0,4,32,north,True,5214.0,399300.0
2033.0,4,60,center,True,,394400.0
757.0,1,60,north,True,,107400.0
1325.0,2,87,north,False,3353.0,130100.0
400.0,2,33,center,True,5434.0,37500.0
1994.0,3,35,west,False,7056.0,260600.0
1154.0,3,68,south,False,4037.0,120800.0
1880.0,3,5,center,True,3841.0,405100.0
3343.0,7,55,west,False,5076.0,468700.0
2756.0,4,37,south,False,6689.0,389600.0
1340.0,2,97,north,True,8074.0,160700.0
1195.0,3,53,west,True,6464.0,155000.0
2576.0,6,77,west,False,,349600.0
1197.0,3,83,east,True,4646.0,142400.0
2395.0,3,14,south,False,7481.0,318900.0
3442.0,6,63,south,True,3782.0,465700.0
2205.0,4,67,south,True,9222.0,217200.0
2510.0,3,44,center,True,8719.0,449400.0
2441.0,5,19,south,True,7423.0,302500.0
1466.0,2,46,east,False,2527.0,195900.0
1974.0,2,5,west,False,,291400.0
1226.0,1,99,north,True,4362.0,159900.0
2574.0,6,8,east,False,6907.0,380600.0
1149.0,2,14,west,True,3091.0,198200.0
2221.0,3,13,east,False,,300300.0
2479.0,3,20,west,True,,400400.0
1505.0,4,18,east,True,,254300.0
1367.0,1,62,west,False,7185.0,146300.0
1698.0,2,11,center,False,5897.0,357300.0
1265.0,2,70,south,True,5590.0,122000.0
1894.0,3,40,south,True,7474.0,237400.0
1250.0,3,39,west,False,9808.0,203400.0
1293.0,2,50,north,True,,207700.0
2128.0,5,3,south,False,2388.0,306800.0
2171.0,3,50,north,True,2883.0,349800.0
1624.0,2,52,east,True,6138.0,168100.0
812.0,1,74,north,True,8053.0,78800.0
2503.0,4,14,south,True,6269.0,300400.0
1531.0,2,5,east,False,7023.0,223700.0
3037.0,6,5,west,False,5882.0,509500.0
1721.0,2,95,east,True,7924.0,179100.0
1881.0,3,34,center,True,,306100.0
1541.0,2,23,west,True,3961.0,196600.0
1946.0,2,13,north,False,6896.0,335200.0
3886.0,7,25,west,True,2915.0,584400.0
1591.0,4,43,north,True,6896.0,267700.0
2566.0,5,96,north,False,5435.0,341400.0
1854.0,2,76,west,False,6321.0,236800.0
2504.0,3,85,east,False,6648.0,314600.0
641.0,3,4,south,True,,113300.0
2967.0,5,57,north,True,8835.0,452600.0
2005.0,2,49,south,True,6068.0,245900.0
1639.0,4,19,west,False,6378.0,288300.0
2342.0,4,49,east,True,8660.0,257700.0
1886.0,4,58,north,True,9794.0,286100.0
1111.0,1,0,east,True,5965.0,118200.0
400.0,1,98,south,True,4976.0,30000.0
2896.0,6,73,north,True,5075.0,430000.0
1666.0,2,92,north,False,6901.0,209600.0
1432.0,3,8,west,True,5593.0,232800.0
1479.0,1,6,north,False,,266900.0
2679.0,4,93,north,False,8246.0,394200.0
1506.0,4,93,center,True,7631.0,267400.0
2187.0,3,63,center,True,8293.0,380500.0
1599.0,3,20,east,False,,253300.0
1047.0,2,28,west,True,6381.0,62300.0
2341.0,4,79,north,True,6521.0,381200.0
2462.0,4,92,north,True,8013.0,386300.0
1392.0,2,67,south,True,3570.0,152600.0
1777.0,3,40,west,False,5295.0,305300.0
1858.0,3,82,north,False,5881.0,210900.0
2067.0,2,26,west,True,7844.0,318700.0
2983.0,6,12,north,True,,516000.0
1606.0,2,38,center,True,4576.0,310900.0
1602.0,2,46,south,True,5138.0,148400.0
1695.0,2,61,west,False,6939.0,225300.0
1235.0,1,68,west,False,5863.0,144500.0
767.0,1,72,south,False,3099.0,30000.0
1880.0,2,20,west,True,,274300.0
2116.0,4,66,west,True,6273.0,251700.0
1801.0,4,4,east,False,6340.0,263600.0
1762.0,3,92,west,True,,229700.0
1261.0,1,44,south,True,5059.0,155100.0
1951.0,3,95,west,False,7575.0,250900.0
1902.0,3,86,west,False,6738.0,255500.0
2085.0,2,19,east,True,6670.0,316200.0
1994.0,2,11,west,False,6741.0,284200.0
2036.0,2,91,center,True,9195.0,358000.0
2591.0,4,49,west,True,3951.0,396600.0
2143.0,5,10,south,True,5158.0,255700.0
2088.0,2,60,south,True,5327.0,193600.0
754.0,2,95,center,True,,50700.0
2432.0,4,60,center,False,,419800.0
1621.0,2,25,south,True,4415.0,170400.0
1848.0,4,33,west,True,5788.0,257700.0
1036.0,3,26,north,False,6209.0,202900.0
3054.0,5,53,west,True,8393.0,429800.0
400.0,1,42,south,False,,30000.0
2693.0,5,34,south,False,4625.0,345300.0
2055.0,3,18,center,True,4180.0,412000.0
657.0,1,2,north,True,5311.0,92300.0
3022.0,6,82,west,True,11127.0,403000.0
2108.0,5,80,east,False,,288100.0
400.0,1,12,east,True,,30000.0
1547.0,3,22,east,False,5999.0,176200.0
2121.0,3,43,center,True,6275.0,421800.0
2828.0,6,59,east,True,7573.0,370400.0
1554.0,5,90,south,True,7125.0,189900.0
400.0,2,69,north,True,6698.0,30000.0
2675.0,5,63,south,True,,313200.0
2099.0,4,74,north,False,5295.0,326800.0
460.0,2,60,north,True,6849.0,30000.0
2006.0,5,92,center,True,6167.0,366100.0
2069.0,2,99,east,False,10266.0,216500.0
1605.0,3,45,center,True,8101.0,329700.0
1304.0,1,2,east,True,,173100.0
1434.0,3,99,south,True,3661.0,123100.0
1605.0,3,31,north,True,5204.0,246100.0
2013.0,3,26,west,True,3834.0,306500.0
2273.0,2,12,north,False,5083.0,369200.0
511.0,1,76,north,True,4061.0,35100.0
1954.0,3,18,south,True,5346.0,293600.0
2093.0,3,96,south,True,5370.0,197900.0
1901.0,3,21,south,False,6294.0,250600.0
1557.0,2,7,east,True,5586.0,283400.0
2652.0,4,62,east,False,4195.0,358100.0
2607.0,4,20,east,True,8430.0,314600.0
1580.0,3,27,east,False,6806.0,201900.0
1750.0,3,10,west,False,4911.0,239400.0
2263.0,2,66,north,True,4228.0,353600.0
2570.0,4,22,south,False,3066.0,327700.0
1311.0,3,73,north,False,2919.0,199500.0
1172.0,3,25,center,True,8095.0,247600.0
1964.0,4,40,west,True,7883.0,297800.0
1126.0,1,49,center,False,4831.0,163200.0
633.0,2,53,west,False,8732.0,75200.0
1308.0,1,82,north,False,7234.0,189400.0
2050.0,3,13,east,False,6407.0,260500.0
2732.0,5,22,center,True,7724.0,552700.0
1375.0,3,75,east,False,,159800.0
1725.0,4,85,east,True,6307.0,200300.0
1893.0,4,41,center,False,5520.0,406400.0
1411.0,2,0,west,True,,239900.0
1364.0,3,83,west,False,2784.0,163400.0
2001.0,4,61,west,False,4399.0,291800.0
1082.0,1,52,south,True,9600.0,120500.0
1340.0,2,38,center,False,4345.0,252000.0
1678.0,4,69,center,False,,295700.0
1993.0,4,28,north,True,7808.0,351200.0
891.0,3,35,east,True,6497.0,95400.0
1722.0,2,76,south,True,,166900.0
1025.0,1,37,east,True,5685.0,92500.0
1389.0,3,94,center,False,7822.0,239400.0
2273.0,4,43,west,True,9059.0,357400.0
1756.0,3,56,west,False,4957.0,210200.0
2801.0,5,63,east,True,,369900.0
1757.0,4,69,north,True,8237.0,242700.0
2381.0,3,50,center,False,4844.0,484000.0
2277.0,4,36,north,True,9019.0,402300.0
1792.0,4,80,north,False,8230.0,239700.0
1011.0,2,71,west,True,,30000.0
1737.0,1,5,east,False,9190.0,277300.0
1480.0,2,62,east,False,3621.0,172400.0
1457.0,3,90,north,False,4625.0,184600.0
1893.0,2,55,north,False,7367.0,302400.0
930.0,2,92,west,True,8083.0,66800.0
1276.0,3,39,east,False,6197.0,149900.0
1193.0,2,24,south,True,,134000.0
1647.0,3,49,east,False,5480.0,222700.0
1339.0,2,10,east,True,,214800.0
1379.0,2,6,center,True,7682.0,325300.0
1881.0,2,57,center,True,,355400.0
1533.0,2,2,east,True,4696.0,223200.0
1803.0,3,6,north,True,3046.0,329800.0
1131.0,3,45,east,True,4812.0,115900.0
1303.0,3,22,north,True,5763.0,247900.0
3024.0,6,17,west,True,3739.0,475300.0
1382.0,1,50,east,True,,156200.0
536.0,1,32,center,False,7960.0,63700.0
2005.0,5,61,east,False,3999.0,277600.0
1375.0,2,42,east,True,,165300.0
1946.0,3,19,north,True,9139.0,318500.0
1746.0,3,70,center,True,,270800.0
2130.0,5,93,south,False,8051.0,211300.0
1740.0,2,72,west,False,7010.0,199200.0
1664.0,3,18,south,True,8623.0,223200.0
2489.0,4,55,south,True,7767.0,286700.0
469.0,1,15,south,True,5311.0,30000.0
1005.0,2,2,center,True,3870.0,201500.0
1305.0,2,16,west,True,3434.0,156600.0
784.0,2,80,west,False,5721.0,37500.0
1512.0,4,92,south,True,3800.0,164300.0
1453.0,2,59,west,True,4405.0,138500.0
2385.0,4,87,east,False,5695.0,297600.0
1747.0,5,40,west,False,8796.0,242400.0
1672.0,2,3,south,True,2979.0,203300.0
1572.0,2,90,east,False,6059.0,137500.0
1169.0,3,72,center,True,,202100.0
2334.0,4,65,north,True,,363900.0
2526.0,4,7,west,True,7860.0,350200.0
1073.0,4,96,west,True,4303.0,132900.0
2772.0,3,7,east,True,5473.0,374800.0
1397.0,2,1,center,False,6282.0,301800.0
1348.0,1,7,west,False,7402.0,172100.0
2084.0,4,94,east,True,,230300.0
2137.0,3,82,south,True,8522.0,189900.0
1757.0,2,11,west,True,5110.0,251500.0
1592.0,3,42,north,True,6969.0,239100.0
2503.0,4,52,south,False,5620.0,268800.0
1426.0,1,55,east,True,7482.0,172100.0
1759.0,2,20,south,False,10055.0,229400.0
2816.0,5,3,east,True,5445.0,491500.0
998.0,1,3,center,False,5968.0,227900.0
1525.0,3,90,south,True,5136.0,166800.0
2415.0,5,62,east,True,4828.0,275300.0
2117.0,4,98,east,True,4601.0,194300.0
2336.0,3,86,west,False,5963.0,289200.0
1006.0,2,23,west,True,4446.0,187200.0
1993.0,2,8,south,True,4507.0,319600.0
1629.0,3,65,center,True,1000.0,275700.0
3163.0,5,22,west,True,8770.0,467200.0
2286.0,3,67,center,True,9288.0,437900.0
1787.0,3,96,center,True,7298.0,295100.0
1972.0,2,96,east,False,4252.0,209900.0
1833.0,2,25,west,False,,280800.0
2219.0,3,48,west,True,2871.0,377300.0
1286.0,2,70,west,True,7278.0,179500.0
2619.0,5,23,east,True,8531.0,426500.0
1005.0,2,56,south,False,6332.0,47200.0
1923.0,3,36,south,True,7716.0,258300.0
1305.0,2,57,west,True,6890.0,136400.0
1826.0,3,63,west,False,4458.0,280400.0
2393.0,5,87,east,True,8019.0,330300.0
773.0,1,47,north,True,7891.0,110000.0
1698.0,3,28,north,True,4019.0,254200.0
936.0,1,7,center,True,7614.0,176800.0
1632.0,3,69,north,True,5705.0,219000.0
935.0,2,80,south,False,5478.0,84300.0
1897.0,4,41,north,True,6781.0,310300.0
1544.0,4,86,south,False,6719.0,183600.0
2248.0,3,47,center,True,7777.0,472900.0
2537.0,5,47,south,False,,289700.0
1806.0,3,4,center,False,7131.0,389400.0
2336.0,4,52,center,False,,463000.0
2629.0,6,59,west,False,5642.0,374800.0
1247.0,3,49,south,True,5776.0,158300.0
2661.0,4,53,center,False,7940.0,528700.0
1778.0,4,52,west,False,6019.0,230700.0
1213.0,2,69,west,True,5476.0,133200.0
1979.0,3,10,south,True,8852.0,250600.0
1757.0,2,53,west,False,5142.0,213000.0
956.0,2,43,west,False,5058.0,116900.0
1139.0,1,34,east,True,2247.0,107700.0
2782.0,5,44,east,False,5566.0,398100.0
1967.0,4,67,west,False,4121.0,296600.0
2689.0,5,99,center,True,5499.0,491600.0
1550.0,4,22,center,True,6480.0,339900.0
1319.0,2,4,south,True,3830.0,178900.0
790.0,2,34,center,True,4354.0,117200.0
2381.0,5,31,south,True,,354000.0
2046.0,5,6,south,False,4980.0,220500.0
1555.0,4,49,north,False,4111.0,237600.0
1324.0,1,51,west,False,10288.0,143600.0
2476.0,4,84,east,True,9008.0,345200.0
1694.0,3,69,center,True,8684.0,308200.0
1700.0,3,46,center,True,,386300.0
1440.0,2,65,east,False,,164100.0
1556.0,2,29,south,True,3594.0,166200.0
2130.0,3,15,north,True,9686.0,311700.0
950.0,2,53,center,False,7662.0,187600.0
1848.0,4,49,south,True,3895.0,195600.0
2373.0,4,29,north,True,6739.0,377800.0
1749.0,3,89,south,True,3035.0,197500.0
2433.0,3,54,center,False,5727.0,490800.0
2604.0,4,56,north,True,5649.0,389600.0
2342.0,4,68,west,True,7479.0,305500.0
1478.0,3,29,east,False,7976.0,158500.0
1779.0,4,53,center,False,6041.0,286500.0
2007.0,2,89,east,True,5552.0,243900.0
1518.0,3,60,east,False,1000.0,205200.0
1498.0,3,85,east,False,9124.0,169400.0
1462.0,1,3,west,True,4685.0,226600.0
3326.0,7,72,north,False,6204.0,508500.0
1637.0,2,65,north,True,10518.0,264800.0
2441.0,5,89,east,False,,257000.0
1278.0,2,96,south,True,,84400.0
2821.0,5,13,north,False,6994.0,484100.0
1573.0,4,49,west,False,8185.0,216700.0
1832.0,3,93,west,True,6002.0,215300.0
700.0,2,80,north,False,8351.0,48500.0
2470.0,4,10,north,True,5169.0,433100.0
2600.0,4,54,west,True,7087.0,336400.0
1088.0,2,34,east,False,6828.0,134200.0
2505.0,4,70,south,False,,294200.0
998.0,1,51,east,False,6647.0,98100.0
2179.0,4,30,south,False,4251.0,273900.0
1627.0,3,41,north,True,,256000.0
2602.0,5,96,west,True,3426.0,294500.0
1950.0,4,36,west,False,5117.0,242000.0
2359.0,5,21,north,False,8276.0,400800.0
2543.0,4,11,south,True,6841.0,320200.0
1625.0,2,15,west,True,,228000.0
1783.0,4,5,west,False,2802.0,297700.0
1133.0,2,4,center,True,6640.0,211500.0
1620.0,3,53,west,False,5874.0,155300.0
2956.0,4,54,north,True,,506000.0
2253.0,3,79,south,True,8766.0,269300.0
1173.0,2,61,south,True,5182.0,140700.0
2779.0,3,19,center,False,5369.0,534500.0
2033.0,2,64,north,False,7836.0,292300.0
2298.0,4,44,south,True,4793.0,246100.0
2094.0,3,17,east,False,6175.0,298300.0
2052.0,4,65,south,True,2007.0,220900.0
601.0,2,65,west,True,5384.0,30000.0
2464.0,3,42,north,False,,400500.0
447.0,1,16,center,True,6671.0,76200.0
2410.0,4,2,east,True,,404900.0
1860.0,3,75,south,False,7913.0,194300.0
2301.0,4,15,center,True,8699.0,410300.0
1895.0,4,27,north,False,,265800.0
2426.0,4,67,east,True,7885.0,364500.0
1810.0,3,42,north,True,10495.0,271100.0
1969.0,4,82,east,True,5947.0,241000.0
2043.0,4,36,south,True,3361.0,251900.0
2927.0,5,89,west,False,4810.0,428300.0
2160.0,4,36,east,True,6937.0,251300.0
1010.0,1,8,west,False,2677.0,183300.0
1462.0,3,72,center,True,4476.0,285000.0
2159.0,4,66,center,True,5340.0,404600.0
2556.0,3,99,south,False,,272000.0
1367.0,2,9,east,True,9593.0,188300.0
3144.0,6,52,west,True,7376.0,417900.0
1905.0,3,70,north,True,3772.0,287800.0
2052.0,4,40,east,True,,286600.0
1048.0,2,26,east,True,5967.0,145200.0
2469.0,4,29,center,False,2639.0,508800.0
1533.0,2,1,north,True,3923.0,247000.0
1352.0,2,62,center,True,,271500.0
1610.0,2,77,south,True,3304.0,153900.0
2630.0,4,45,center,False,7026.0,530100.0
2079.0,3,3,west,True,1000.0,317600.0
1267.0,2,77,east,True,7965.0,155200.0
1482.0,1,90,north,True,,180100.0
2646.0,4,60,south,False,5087.0,307200.0
1658.0,4,8,west,True,7831.0,292500.0
2136.0,5,41,south,False,3815.0,221500.0
2283.0,3,56,west,True,4315.0,305600.0
400.0,1,95,south,False,7099.0,30000.0
2559.0,5,49,north,False,5581.0,417400.0
1289.0,3,1,west,False,4750.0,215400.0
1584.0,2,70,center,False,5773.0,274500.0
2724.0,4,68,center,False,8638.0,499400.0
2668.0,5,23,east,False,8560.0,386200.0
2096.0,2,41,west,True,6852.0,299700.0
2237.0,4,4,west,False,5289.0,347900.0
2387.0,5,12,east,True,7043.0,383200.0
2658.0,4,31,north,False,4275.0,449100.0
2734.0,3,9,south,True,8338.0,356900.0
1865.0,4,27,south,False,7901.0,177500.0
1358.0,2,64,west,True,9863.0,157000.0
1647.0,3,38,south,True,4396.0,210300.0
1876.0,2,14,south,True,4147.0,231000.0
1768.0,2,62,center,False,7103.0,326000.0
1193.0,2,85,north,True,,133200.0
2062.0,4,59,west,False,,287900.0
859.0,1,31,north,False,8635.0,157000.0
1851.0,3,80,south,False,9406.0,206700.0
1890.0,2,34,center,False,6117.0,333100.0
1869.0,3,1,center,True,,351200.0
2311.0,4,66,south,False,4966.0,272900.0
2231.0,4,71,north,True,6434.0,360500.0
3134.0,4,22,center,True,5893.0,595500.0
1489.0,4,37,center,True,5786.0,286700.0
1968.0,3,0,east,True,9648.0,354800.0
1929.0,4,46,north,True,3316.0,294800.0
1901.0,4,44,west,True,5990.0,333100.0
1041.0,2,25,west,False,,125600.0
1090.0,3,52,center,True,7287.0,178000.0
1804.0,2,67,west,False,3806.0,209400.0
854.0,2,44,center,False,5402.0,115800.0
1599.0,2,79,east,False,,132400.0
1411.0,2,45,north,False,1496.0,201300.0
1621.0,3,40,west,False,8325.0,229800.0
2479.0,5,66,south,True,,270400.0
1153.0,2,17,west,True,2794.0,157400.0
2322.0,3,84,north,True,,367100.0
1457.0,2,60,north,True,5330.0,226700.0
1532.0,2,36,east,True,,193000.0
2079.0,3,23,east,True,5438.0,303600.0
1636.0,3,79,north,False,8149.0,180800.0
1265.0,2,1,west,True,,205700.0
1578.0,3,6,west,False,7190.0,245300.0
734.0,1,60,center,True,3718.0,96300.0
2029.0,4,48,south,False,6660.0,241100.0
400.0,1,17,west,True,7805.0,48200.0
2333.0,4,37,center,False,8810.0,430000.0
2169.0,3,78,north,False,2902.0,352500.0
2761.0,3,46,center,True,5407.0,561100.0
3109.0,4,52,west,False,9197.0,435100.0
2361.0,4,9,west,True,7844.0,322900.0
1424.0,2,72,west,False,5602.0,104600.0
3104.0,4,13,west,True,6008.0,525300.0
1084.0,1,23,west,True,6594.0,144900.0
658.0,1,29,north,True,5254.0,109400.0
2911.0,5,43,north,False,7094.0,447200.0
2161.0,4,27,north,False,6981.0,347300.0
675.0,1,81,center,False,3770.0,70500.0
987.0,1,38,east,True,5020.0,121300.0
2131.0,4,3,center,True,5092.0,451400.0
1278.0,2,45,center,True,5489.0,209700.0
1364.0,2,12,south,True,6540.0,151000.0
2980.0,6,22,north,True,6361.0,502100.0
3089.0,6,59,center,True,,564500.0
1888.0,3,61,east,True,,214700.0
1710.0,3,66,south,False,,176400.0
2341.0,4,37,west,True,8927.0,351500.0
1463.0,1,83,east,False,8880.0,184700.0
462.0,2,6,south,False,,52200.0
400.0,1,37,south,False,5019.0,30000.0
1756.0,4,24,center,False,5165.0,309700.0
2329.0,4,4,south,True,6627.0,322100.0
1810.0,4,56,center,False,,319000.0
2286.0,4,5,east,True,6294.0,334000.0
2346.0,5,60,north,True,4898.0,376000.0
2632.0,4,85,north,False,9303.0,399200.0
1912.0,2,79,west,False,5123.0,197300.0
1966.0,3,68,north,True,7484.0,305000.0
1778.0,1,24,north,False,,278200.0
1645.0,2,65,east,False,5870.0,224100.0
857.0,1,56,east,True,7348.0,118900.0
2503.0,3,49,center,False,9086.0,522800.0
1570.0,3,47,center,True,6610.0,259700.0
1535.0,3,14,center,False,5022.0,324700.0
1475.0,2,84,north,False,8960.0,146700.0
996.0,2,83,center,True,6988.0,177800.0
1749.0,2,72,center,False,6341.0,342700.0
2110.0,5,54,west,True,,322800.0
1377.0,3,13,center,False,6644.0,272800.0
2423.0,4,63,center,False,,473900.0
1579.0,3,95,west,False,6004.0,162000.0
880.0,2,13,east,False,8299.0,125300.0
2624.0,4,35,south,False,6884.0,324300.0
1919.0,2,90,south,True,,132700.0
2318.0,3,95,south,True,5276.0,214300.0
2332.0,3,44,east,False,5286.0,368900.0
1232.0,2,28,east,True,6993.0,161000.0
1487.0,1,28,south,True,,176200.0
2421.0,4,46,north,True,4849.0,382400.0
2901.0,5,31,east,False,6031.0,403300.0
1838.0,3,55,north,False,8481.0,275200.0
1424.0,3,7,south,False,,180800.0
2809.0,5,6,north,True,6129.0,426600.0
1424.0,4,0,south,False,3883.0,221200.0
1997.0,4,71,west,False,9391.0,303100.0
1543.0,3,92,west,True,,143700.0
1961.0,2,10,north,True,8439.0,315200.0
1233.0,2,91,west,False,3095.0,159600.0
1575.0,1,16,south,False,6703.0,173700.0
1424.0,2,4,east,True,,219400.0
2197.0,4,29,west,False,7543.0,434500.0
1898.0,4,29,north,False,6643.0,325800.0
2328.0,4,96,north,True,7038.0,329000.0
1305.0,3,11,north,True,4567.0,243600.0
1675.0,4,97,south,False,3920.0,175400.0
2175.0,3,86,north,True,4719.0,288500.0
2315.0,3,48,north,False,6616.0,315200.0
933.0,2,67,east,True,5516.0,104200.0
1991.0,3,53,north,True,6506.0,319700.0
1312.0,2,91,east,True,3952.0,116700.0
2346.0,4,21,south,False,5987.0,343400.0
2916.0,5,95,center,True,8790.0,575600.0
400.0,1,41,north,True,6665.0,57600.0
1406.0,2,93,east,True,,129000.0
1958.0,4,98,east,True,6806.0,168300.0
1798.0,3,84,west,False,4976.0,213100.0
2364.0,3,79,north,True,,296000.0
1847.0,2,43,center,True,6714.0,290700.0
1482.0,3,69,south,True,6354.0,164900.0
1188.0,3,24,north,True,7374.0,221100.0
1087.0,2,27,west,True,7881.0,102700.0
1354.0,2,74,east,True,3509.0,137300.0
1461.0,3,76,west,False,6113.0,172900.0
2030.0,4,26,center,True,10470.0,403000.0
1706.0,3,96,south,True,,121300.0
1409.0,3,68,center,True,5787.0,279200.0
1194.0,1,98,center,False,7456.0,134600.0
1378.0,2,47,east,True,5347.0,120000.0
1462.0,3,59,west,False,,152700.0
1351.0,2,65,north,False,5083.0,192900.0
2204.0,4,16,west,True,5049.0,331100.0
2621.0,5,27,north,True,4816.0,416600.0
1094.0,1,96,east,False,,97300.0
2472.0,4,67,west,False,5039.0,345500.0
2216.0,5,54,north,True,8284.0,289800.0
1908.0,3,0,east,False,5137.0,299800.0
2716.0,4,3,east,False,4908.0,434200.0
1698.0,1,55,south,True,,174400.0
2041.0,3,8,east,False,3403.0,293600.0
1874.0,4,14,center,True,7329.0,435600.0
1830.0,4,57,center,False,5728.0,327200.0
2075.0,3,96,center,True,4898.0,354200.0
1828.0,3,83,center,True,4469.0,327000.0
2080.0,4,46,south,False,9943.0,249600.0
1398.0,2,94,north,True,5931.0,158700.0
1417.0,1,60,north,True,,193000.0
1395.0,2,94,center,True,7746.0,256500.0
1581.0,2,23,south,False,4317.0,213400.0
2408.0,3,57,west,True,,328700.0
1523.0,3,92,east,False,5929.0,136800.0
2191.0,4,98,west,False,3232.0,252000.0
1959.0,4,86,west,True,4939.0,268800.0
1535.0,2,14,center,False,3810.0,269800.0
2586.0,5,61,north,True,6162.0,463000.0
2242.0,5,9,south,True,,302900.0
1801.0,4,38,north,True,4193.0,252300.0
1751.0,4,3,south,True,,245400.0
1856.0,3,75,south,False,6088.0,171600.0
882.0,1,77,center,False,8418.0,111500.0
1305.0,2,9,west,True,,160800.0
2078.0,2,91,north,True,6123.0,274100.0
850.0,1,83,east,True,6999.0,30000.0
1351.0,4,83,west,True,3185.0,141300.0
1564.0,2,44,west,False,7392.0,188700.0
3542.0,4,93,center,True,6821.0,650300.0
2204.0,4,98,south,False,7908.0,203500.0
2458.0,4,54,center,True,5388.0,475400.0
1317.0,3,37,center,True,5405.0,274300.0
2017.0,2,76,south,False,5417.0,215400.0
744.0,1,4,west,True,8869.0,145900.0
1602.0,4,33,west,False,6566.0,221400.0
2103.0,2,0,center,False,,444000.0
949.0,1,76,north,True,7289.0,109900.0
2036.0,4,4,south,True,5073.0,305200.0
2086.0,3,75,center,True,,359200.0
1438.0,3,56,north,False,7078.0,227200.0
1299.0,2,43,east,False,8481.0,139300.0
1371.0,3,63,south,True,8078.0,125200.0
1592.0,4,4,west,False,7875.0,246600.0
1610.0,5,81,east,False,8269.0,201000.0
2106.0,4,26,center,False,,398500.0
1479.0,2,84,north,True,4612.0,163100.0
2761.0,5,88,east,False,3713.0,331900.0
2757.0,4,55,east,False,4339.0,370100.0
1942.0,2,58,east,False,7461.0,216900.0
1593.0,3,92,north,True,1553.0,210800.0
1480.0,3,40,east,True,5969.0,185000.0
1990.0,2,39,center,True,5468.0,398200.0
2095.0,3,94,west,False,8448.0,255600.0
1679.0,2,40,north,False,5766.0,298800.0
1564.0,3,36,west,False,5263.0,223800.0
2012.0,5,0,center,True,8632.0,402000.0
1841.0,2,32,center,False,5816.0,351900.0
1457.0,3,24,north,False,5493.0,236700.0
1868.0,3,77,north,True,5022.0,238900.0
1437.0,2,50,north,True,6571.0,245000.0
1349.0,2,35,south,False,5337.0,146200.0
1797.0,3,93,center,False,5344.0,288400.0
1455.0,5,44,east,True,8900.0,201700.0
1360.0,3,41,center,False,6098.0,234900.0
2427.0,4,72,north,True,5104.0,387000.0
1565.0,4,26,west,False,4010.0,253100.0
2906.0,5,43,west,False,6397.0,429800.0
2176.0,4,70,center,True,4881.0,419400.0
1308.0,2,32,east,True,5263.0,158300.0
2496.0,4,42,west,False,4297.0,323200.0
1370.0,1,1,north,False,6394.0,222100.0
2984.0,4,79,center,True,,548500.0
1936.0,4,86,west,True,6823.0,190700.0
2126.0,3,66,west,True,4907.0,254700.0
1819.0,4,52,south,False,7433.0,179600.0
1960.0,3,89,north,False,6971.0,240900.0
1663.0,2,85,west,True,6208.0,224800.0
1245.0,3,46,west,True,7692.0,177700.0
2004.0,3,61,north,True,9114.0,321000.0
2415.0,5,93,center,True,8537.0,452400.0
1086.0,2,20,north,True,3378.0,200300.0
2724.0,6,77,west,False,4789.0,377700.0
2161.0,4,36,north,False,,385700.0
1538.0,3,9,west,True,7277.0,207700.0
1527.0,3,41,east,False,4956.0,198100.0
2918.0,5,51,south,True,,330600.0
2363.0,3,73,west,False,4532.0,342100.0
2484.0,4,15,center,False,6598.0,521500.0
1649.0,4,54,west,True,7269.0,253800.0
2133.0,2,66,west,False,3577.0,242100.0
2010.0,4,63,north,True,4972.0,286200.0
1695.0,2,83,center,False,2210.0,242200.0
1866.0,3,75,east,True,1217.0,229900.0
2466.0,4,46,north,False,,379400.0
2760.0,5,27,east,True,6631.0,415600.0
1649.0,3,88,west,True,6345.0,192700.0
1012.0,3,88,west,True,9174.0,43100.0
2786.0,6,12,east,False,2649.0,375900.0
2794.0,4,45,south,True,1840.0,342300.0
2040.0,4,75,south,True,,231700.0
2876.0,5,66,west,True,1761.0,348200.0
1997.0,3,87,center,True,4773.0,347700.0
1255.0,1,21,west,True,,151000.0
1013.0,3,94,west,True,6593.0,64000.0
1007.0,1,23,west,True,8055.0,121300.0
1803.0,1,9,east,False,6742.0,257800.0
1520.0,3,73,east,True,,155500.0
1453.0,2,92,east,True,4948.0,93800.0
1736.0,3,35,north,False,6875.0,276300.0
2315.0,4,15,east,True,2940.0,329100.0
1472.0,2,87,north,False,1000.0,159800.0
1371.0,4,9,center,True,6780.0,282700.0
1511.0,4,66,center,True,6469.0,264500.0
2353.0,4,12,east,False,9139.0,346800.0
1758.0,3,66,west,True,7393.0,219700.0
1968.0,4,11,north,False,6618.0,340100.0
2732.0,5,38,east,True,5376.0,382700.0
3506.0,6,46,center,True,4378.0,723700.0
2184.0,4,90,east,True,5439.0,298800.0
2125.0,4,71,center,True,7910.0,393100.0
1089.0,3,94,north,False,,103900.0
2021.0,3,53,center,True,7868.0,345900.0
1837.0,3,25,south,True,6213.0,245400.0
2335.0,3,42,north,True,,344100.0
1565.0,2,51,west,True,8321.0,262600.0
1920.0,1,56,west,True,,317700.0
2163.0,4,90,north,True,6371.0,299600.0
2939.0,5,89,south,True,7112.0,286900.0
2738.0,5,10,center,False,7002.0,587800.0
2560.0,3,79,north,False,5063.0,426700.0
2236.0,4,29,north,True,5480.0,332900.0
1541.0,3,58,center,True,4181.0,328100.0
2236.0,4,95,west,True,5472.0,233200.0
1337.0,2,88,east,False,8062.0,93800.0
1676.0,3,48,south,True,7682.0,198000.0
2867.0,4,4,center,True,7117.0,622800.0
2123.0,3,95,center,False,,367200.0
1936.0,3,90,north,True,5269.0,273700.0
2013.0,3,38,center,True,3653.0,419800.0
1744.0,2,13,east,False,5686.0,278600.0
507.0,1,52,south,False,5845.0,30000.0
1041.0,2,80,south,True,7351.0,57100.0
2170.0,5,45,east,True,,324600.0
1248.0,1,2,east,True,8021.0,192600.0
1735.0,3,45,center,True,1970.0,345100.0
1064.0,1,51,north,False,4404.0,123200.0
1369.0,2,91,west,False,5817.0,158500.0
1797.0,2,80,north,True,6959.0,215100.0
2354.0,3,69,north,True,10189.0,354400.0
2475.0,4,40,south,True,,306400.0
1359.0,3,94,west,False,4580.0,146600.0
1984.0,3,23,south,True,5153.0,269100.0
945.0,1,32,south,False,4509.0,74400.0
1834.0,3,84,center,False,4224.0,336100.0
2372.0,4,99,south,True,6092.0,243700.0
1760.0,3,81,west,False,7967.0,194400.0
2589.0,5,70,center,False,6239.0,460200.0
2302.0,3,93,west,True,,333100.0
1945.0,3,13,center,True,5608.0,396700.0
1650.0,4,66,center,True,3923.0,292500.0
1479.0,2,41,north,True,,192600.0
925.0,2,59,north,True,8942.0,142600.0
1023.0,3,24,south,True,2810.0,151500.0
2397.0,5,48,west,False,6458.0,366600.0
2708.0,3,23,south,True,,340300.0
1151.0,2,64,west,True,6126.0,150200.0
1841.0,4,92,center,False,5829.0,298600.0
855.0,2,5,north,True,3318.0,152500.0
1214.0,2,95,center,True,8418.0,178500.0
1956.0,2,65,east,False,,243400.0
1489.0,2,1,center,True,5060.0,265400.0
650.0,1,57,west,True,6233.0,103600.0
2831.0,4,13,north,True,,517200.0
1771.0,4,80,center,False,5633.0,285900.0
1137.0,2,27,north,False,2325.0,190400.0
1877.0,2,5,south,False,1286.0,208100.0
1751.0,2,84,east,True,4060.0,194400.0
2053.0,3,53,center,False,4935.0,333400.0
1596.0,3,61,north,True,2486.0,222200.0
1989.0,4,83,east,False,5005.0,224800.0
2366.0,4,56,north,True,4933.0,394500.0
1009.0,1,79,south,True,5877.0,112200.0
1384.0,1,59,south,False,7228.0,176500.0
2304.0,4,2,east,False,9424.0,375700.0
1469.0,3,95,west,True,6856.0,161400.0
1751.0,4,95,west,False,4032.0,216400.0
1518.0,4,27,west,True,7333.0,235700.0
1555.0,4,65,north,True,8801.0,195100.0
1504.0,2,12,west,True,3759.0,254600.0
1045.0,2,28,west,True,,161600.0
2076.0,4,60,north,True,3158.0,333000.0
2437.0,3,34,center,False,4871.0,424300.0
1694.0,1,96,west,False,,193600.0
2370.0,4,7,west,True,,395000.0
1505.0,1,71,east,True,7783.0,162300.0
1470.0,2,61,west,True,6771.0,169200.0
2046.0,3,89,south,False,6092.0,170600.0
2056.0,4,80,west,False,6783.0,228500.0
1732.0,4,89,west,False,6901.0,212500.0
2206.0,4,79,west,False,8606.0,281800.0
1028.0,1,21,west,False,,136200.0
1618.0,1,42,north,True,,276600.0
2379.0,4,68,north,False,5183.0,326700.0
2377.0,4,99,east,False,6227.0,270900.0
2302.0,3,86,center,True,5487.0,454700.0
2412.0,5,64,south,True,3621.0,273500.0
1576.0,2,10,east,True,7747.0,228200.0
777.0,1,42,center,True,,124400.0
1645.0,3,65,west,False,5925.0,227400.0
2182.0,3,77,north,True,6664.0,262100.0
2280.0,4,27,center,True,7723.0,455000.0
1484.0,3,46,center,True,5713.0,280100.0
1219.0,3,82,west,True,,107300.0
1279.0,3,83,west,False,5566.0,149000.0
1474.0,2,22,east,True,4901.0,222100.0
662.0,1,25,west,True,7043.0,95600.0
1484.0,3,37,south,False,7025.0,219100.0
1829.0,3,64,west,True,7845.0,227300.0
1741.0,3,67,east,True,5993.0,222000.0
1602.0,3,75,west,True,3600.0,207200.0
1386.0,2,55,center,True,8215.0,240800.0
1456.0,3,91,west,True,4531.0,188900.0
1467.0,2,11,center,False,4496.0,305500.0
2223.0,5,52,east,True,4936.0,270200.0
1799.0,2,22,west,False,,281000.0
3700.0,7,53,south,True,5565.0,451900.0
1601.0,2,88,west,True,7239.0,171700.0
2063.0,4,88,south,False,5133.0,206400.0
1614.0,3,98,west,False,8676.0,197100.0
1599.0,3,48,north,False,8552.0,267400.0
2737.0,6,69,west,True,7779.0,381400.0
2399.0,4,47,south,True,,282900.0
747.0,2,0,south,False,8867.0,54100.0
1186.0,1,28,south,True,5526.0,116100.0
1718.0,3,74,east,False,,176900.0
1490.0,2,5,north,True,4792.0,259600.0
895.0,2,64,east,True,5720.0,83700.0
1869.0,3,45,north,False,6179.0,264700.0
673.0,2,41,east,False,4135.0,76900.0
1876.0,3,73,south,False,2759.0,194100.0
2238.0,6,22,east,False,,267800.0
2324.0,3,25,north,True,11906.0,406200.0
1713.0,3,16,center,True,2663.0,374400.0
2706.0,5,10,north,True,2690.0,457500.0
1999.0,4,8,center,False,,427200.0
2307.0,3,10,south,False,,293000.0
1358.0,2,63,center,False,,194500.0
2713.0,4,29,east,True,1000.0,437500.0
1798.0,4,33,center,True,6585.0,376400.0
2746.0,4,75,east,False,3860.0,374800.0
2615.0,4,51,west,False,7287.0,364300.0
1955.0,3,7,west,True,5848.0,330800.0
2043.0,3,52,west,True,6171.0,245600.0
1692.0,2,66,east,False,5093.0,192200.0
1308.0,3,60,south,False,5448.0,152300.0
2157.0,3,86,center,False,4210.0,367300.0
2126.0,3,59,center,False,4400.0,421100.0
829.0,1,81,west,False,3810.0,72100.0
1750.0,3,51,south,False,9028.0,202600.0
2321.0,4,63,east,False,5208.0,282300.0
2679.0,4,15,west,True,1470.0,420000.0
2235.0,3,99,north,True,6518.0,352900.0
890.0,2,2,north,True,4393.0,159600.0
1167.0,1,96,east,False,5911.0,108400.0
1592.0,3,57,east,True,5461.0,213800.0
2639.0,4,33,center,False,8980.0,499400.0
1436.0,1,42,south,True,5233.0,151200.0
2435.0,6,7,south,False,7632.0,330800.0
1426.0,3,41,west,True,7421.0,143000.0
2120.0,4,7,center,True,3267.0,463400.0
1236.0,2,43,center,True,6375.0,202600.0
1684.0,4,13,west,False,4483.0,279200.0
1121.0,3,11,north,True,3583.0,172200.0
2666.0,5,71,west,True,3591.0,419200.0
1383.0,2,17,north,False,7643.0,217600.0
872.0,1,33,west,False,11286.0,157400.0
824.0,1,66,center,False,,114700.0
1749.0,3,50,west,False,6431.0,236000.0
1525.0,3,51,south,False,6621.0,207800.0
2189.0,4,44,south,True,4940.0,241000.0
1659.0,3,60,west,True,8815.0,217100.0
2500.0,4,65,west,True,10394.0,356500.0
1569.0,3,12,center,True,4805.0,333200.0
2416.0,5,96,north,True,9469.0,347900.0
1228.0,1,81,west,False,4907.0,122000.0
898.0,2,42,center,False,4059.0,179400.0
1306.0,4,37,north,True,,210300.0
1123.0,2,72,east,False,,136600.0
1056.0,1,61,west,True,5792.0,124400.0
2048.0,3,80,east,True,,259100.0
1641.0,1,46,center,True,,328800.0
1885.0,3,44,west,False,,254800.0
2117.0,3,46,south,False,7061.0,275800.0
789.0,2,29,west,True,,101200.0
2142.0,4,77,west,False,4285.0,244700.0
1077.0,2,79,west,False,5593.0,100100.0
1454.0,3,11,south,True,5997.0,173500.0
665.0,1,9,center,False,4292.0,141800.0
2193.0,4,7,center,True,3986.0,451300.0
787.0,3,32,south,True,6764.0,92900.0
1080.0,2,10,south,True,7330.0,165100.0
1123.0,2,56,south,True,6225.0,145500.0
1723.0,2,99,south,False,8118.0,157800.0
1704.0,3,70,north,True,3793.0,267300.0
2287.0,3,92,north,True,5218.0,314300.0
1737.0,4,14,west,True,3640.0,230300.0
2379.0,3,70,center,False,6279.0,411300.0
2028.0,4,72,north,True,6976.0,292100.0
1233.0,3,44,east,False,8684.0,175400.0
1400.0,1,74,south,True,3645.0,119500.0
2706.0,5,8,south,True,6745.0,393300.0
2536.0,4,61,east,True,8872.0,378400.0
2294.0,3,82,north,False,3997.0,305700.0
2373.0,4,39,north,True,3528.0,433500.0
2079.0,3,18,center,True,3051.0,380700.0
2001.0,3,1,east,True,7249.0,345600.0
1830.0,3,27,north,True,4549.0,294500.0
2819.0,4,82,center,True,6956.0,519400.0
1521.0,2,84,west,True,,170700.0
1944.0,4,61,west,False,9602.0,242800.0
775.0,2,25,west,False,,143800.0
942.0,2,25,east,True,4392.0,106900.0
2889.0,5,84,west,True,5396.0,377000.0
2170.0,4,58,south,True,7576.0,215800.0
1672.0,2,78,west,False,3863.0,180100.0
1847.0,2,37,center,True,,336900.0
985.0,3,83,center,True,5500.0,128900.0
1543.0,3,47,east,False,7618.0,192900.0
925.0,1,67,north,True,5608.0,76200.0
1623.0,2,85,north,True,,249700.0
2208.0,2,35,east,False,,292800.0
2072.0,3,78,west,True,9465.0,272800.0
2753.0,5,65,north,True,5410.0,448800.0
1977.0,3,49,east,False,12161.0,308100.0
400.0,1,82,east,True,6304.0,30000.0
2970.0,5,43,east,True,4298.0,407600.0
1296.0,1,74,east,False,2829.0,103700.0
1897.0,4,7,south,False,8466.0,264700.0
1861.0,3,86,east,False,5613.0,237900.0
1945.0,3,96,east,True,7645.0,218900.0
1829.0,3,98,center,True,10645.0,308600.0
1839.0,3,84,south,False,7338.0,187600.0
1007.0,3,69,center,False,6675.0,117000.0
3352.0,5,74,center,True,8453.0,648200.0
2191.0,3,92,south,False,7608.0,239100.0
1831.0,2,73,east,True,3475.0,211400.0
2905.0,5,27,west,False,,467200.0
1157.0,2,15,east,False,5908.0,191800.0
2321.0,3,97,west,False,9083.0,273000.0
1467.0,2,13,south,True,7014.0,197700.0
2041.0,5,91,center,False,8383.0,366600.0
2055.0,3,93,west,True,,198100.0
400.0,1,4,north,True,,63100.0
941.0,2,80,south,True,7127.0,40200.0
2752.0,5,59,west,False,7954.0,393900.0
1649.0,4,38,south,False,4886.0,216900.0
3001.0,5,50,east,True,5593.0,407200.0
2586.0,4,42,west,True,1571.0,351800.0
1668.0,2,81,south,True,5689.0,163700.0
1615.0,3,41,center,True,3499.0,370300.0
2789.0,4,12,west,True,7034.0,374400.0
3062.0,4,39,east,False,,431000.0
1628.0,3,52,south,True,6030.0,167400.0
